ID_Campanha,Investimento_Ads_BRL,Visitas_Site,Taxa_Desconto_Perc,Taxa_Imposto_Estadual,Vendas_Totais_BRL
1,38794.71,102472.0,11.7,18.0,1514331.91
2,2016.85,2349.0,11.8,18.0,7856.12
3,32048.76,91100.0,29.7,18.0,1327471.6
4,37691.39,90715.0,26.5,18.0,1320363.12
5,25426.84,63264.0,5.4,18.0,948491.7
6,12015.04,31124.0,23.6,18.0,415105.38
7,10705.08,19138.0,34.5,18.0,253291.48
8,38266.0,97954.0,11.1,18.0,1432650.2
9,9286.43,23321.0,26.4,18.0,287720.15
10,5328.65,14103.0,7.5,18.0,186781.97
11,34582.63,91645.0,6.1,18.0,1348338.41
12,47716.27,119519.0,20.3,18.0,1751894.45
13,1193.47,8520.0,5.3,18.0,134377.23
14,26097.42,58555.0,23.2,18.0,805122.47
15,40818.43,100778.0,18.1,18.0,1480648.86
16,31013.78,83809.0,14.8,18.0,1256305.08
17,36366.01,90512.0,28.8,18.0,1273837.89
18,15301.93,32151.0,29.5,18.0,400923.86
19,45970.93,109148.0,15.9,18.0,1574846.87
20,36014.21,86249.0,19.7,18.0,1239127.18
21,27584.67,62400.0,22.2,18.0,900656.37
22,7966.33,22393.0,30.0,18.0,285940.87
23,19293.7,34159.0,13.6,18.0,484002.44
24,34032.55,80974.0,11.5,18.0,1197099.88
25,22649.83,49671.0,28.5,18.0,685092.68
26,22266.69,48801.0,10.1,18.0,738011.25
27,31270.58,75329.0,6.9,18.0,1112704.7
28,26143.77,59185.0,34.7,18.0,836651.92
29,32869.46,84562.0,21.5,18.0,1216266.46
30,30450.91,72180.0,12.3,18.0,1061005.55
31,40455.94,98379.0,33.2,18.0,1417076.25
32,26560.71,70590.0,24.6,18.0,954358.98
33,45523.8,115173.0,29.0,18.0,1691399.43
34,16642.57,42238.0,34.4,18.0,557231.45
35,5432.51,13452.0,33.2,18.0,138551.89
36,15734.3,33714.0,8.6,18.0,454775.64
37,6585.23,17971.0,14.6,18.0,244506.76
38,41605.38,114606.0,22.3,18.0,1683415.75
39,3297.92,6930.0,19.3,18.0,55179.5
40,31688.07,74203.0,23.3,18.0,1074787.03
41,27831.72,61990.0,26.0,18.0,841574.66
42,41145.06,93253.0,14.9,18.0,1363928.6
43,10748.43,25154.0,34.3,18.0,303223.29
44,42985.66,104762.0,33.3,18.0,1509744.88
45,18230.98,50803.0,5.2,18.0,794553.75
46,37977.74,94545.0,19.4,18.0,1374355.0
47,15502.12,42062.0,25.5,18.0,610070.15
48,44312.89,113899.0,22.6,18.0,1639525.46
49,16950.07,48368.0,34.4,18.0,673466.89
50,9085.78,21171.0,28.2,18.0,259475.54
51,20233.93,55436.0,13.2,18.0,801604.93
52,5579.56,16204.0,19.0,18.0,220994.18
53,41234.18,97772.0,15.1,18.0,1440529.79
54,8406.45,15890.0,22.5,18.0,175956.19
55,19821.61,51652.0,23.1,18.0,683629.43
56,47268.77,116595.0,8.9,18.0,1737011.02
57,49393.65,112430.0,20.7,18.0,1662224.62
58,23358.92,59681.0,13.6,18.0,856508.59
59,41480.02,105003.0,22.4,18.0,1514761.57
60,13317.33,34284.0,15.5,18.0,512031.59
61,30271.21,83307.0,16.6,18.0,1197958.33
62,45238.76,111106.0,6.2,18.0,1661382.34
63,27193.34,60301.0,21.0,18.0,835091.92
64,29919.87,77970.0,7.1,18.0,1154636.31
65,2924.81,8087.0,6.7,18.0,81839.86
66,18501.91,49258.0,14.4,18.0,710226.44
67,4901.04,15489.0,21.3,18.0,152210.45
68,15967.54,40667.0,12.7,18.0,527305.45
69,17205.25,40256.0,18.3,18.0,576614.2
70,38917.68,96967.0,15.7,18.0,1443125.41
71,2958.0,6604.0,16.8,18.0,71583.45
72,22045.12,52831.0,19.4,18.0,740082.36
73,16431.42,41863.0,16.1,18.0,607021.14
74,32188.07,79871.0,32.7,18.0,1129113.96
75,17971.01,45171.0,24.2,18.0,676964.54
76,3111.77,2329.0,13.8,18.0,6716.6
77,44115.84,108861.0,9.2,18.0,1560279.01
78,38398.79,90264.0,17.2,18.0,1311513.3
79,44026.74,104774.0,31.7,18.0,1511083.95
80,21457.95,60529.0,8.7,18.0,924991.61
81,30673.3,71599.0,10.5,18.0,1059995.54
82,26159.86,67828.0,6.5,18.0,1028890.44
83,30294.0,67315.0,26.8,18.0,910608.56
84,13848.57,34104.0,17.3,18.0,489739.31
85,15742.69,44571.0,25.0,18.0,611605.13
86,2244.59,9536.0,22.3,18.0,113930.16
87,15850.07,35918.0,17.9,18.0,479903.91
88,12861.72,36123.0,18.0,18.0,511595.14
89,28321.33,68941.0,31.0,18.0,978253.02
90,28709.84,66938.0,24.2,18.0,985828.56
91,24281.48,54665.0,6.9,18.0,806759.63
92,15347.1,28328.0,6.1,18.0,420644.55
93,4148.3,12718.0,28.0,18.0,98093.61
94,48962.14,126284.0,32.6,18.0,1827246.09
95,17645.68,52470.0,18.6,18.0,756859.07
96,25257.38,61387.0,32.1,18.0,837624.72
97,48876.96,120554.0,20.9,18.0,1765137.73
98,22597.92,53700.0,10.4,18.0,754588.02
99,16595.37,43050.0,7.3,18.0,650574.55
100,26470.05,66959.0,15.1,18.0,959788.38
101,29328.69,65797.0,17.9,18.0,967427.47
102,42842.75,109493.0,28.6,18.0,1597769.93
103,4336.77,13697.0,10.9,18.0,180649.1
104,23762.01,60675.0,21.7,18.0,878336.97
105,39315.51,97083.0,5.6,18.0,1459878.7
106,36211.54,80944.0,31.1,18.0,1160096.68
107,29715.08,74794.0,12.8,18.0,1114316.94
108,2817.63,6510.0,30.9,18.0,6241.36
109,18182.16,43125.0,22.4,18.0,549870.57
110,28596.34,71830.0,16.2,18.0,1007415.45
111,15686.76,38095.0,9.6,18.0,547582.14
112,26104.37,65620.0,24.8,18.0,920877.43
113,33999.88,84416.0,9.7,18.0,1235751.62
114,8800.49,19652.0,17.2,18.0,246762.34
115,3473.41,3137.0,13.0,18.0,51858.86
116,17552.98,37690.0,23.8,18.0,506732.81
117,6295.12,17445.0,26.5,18.0,211722.32
118,9766.24,24231.0,28.0,18.0,310155.9
119,44405.53,113049.0,32.5,18.0,1643800.49
120,18902.88,49440.0,5.1,18.0,705894.51
121,11719.7,28655.0,26.0,18.0,360577.16
122,37872.31,104259.0,19.7,18.0,1521677.01
123,6237.1,13081.0,28.6,18.0,130635.44
124,37485.56,94052.0,12.7,18.0,1354641.62
125,24019.48,57511.0,24.4,18.0,821747.79
126,30314.53,73991.0,7.3,18.0,1072260.78
127,8233.39,15414.0,12.3,18.0,180083.93
128,10017.71,28444.0,32.4,18.0,381671.41
129,32608.53,78871.0,22.7,18.0,1138418.77
130,3382.77,11735.0,5.6,18.0,148337.86
131,13182.01,38276.0,26.5,18.0,506185.26
132,27578.02,68839.0,12.2,18.0,1035734.9
133,12111.89,27623.0,27.7,18.0,332053.82
134,19689.17,50772.0,24.2,18.0,681559.34
135,46189.41,118300.0,27.4,18.0,1701493.05
136,46342.49,119103.0,31.6,18.0,1709595.51
137,28770.75,65289.0,11.3,18.0,960302.86
138,27140.07,75375.0,22.8,18.0,1084168.06
139,1728.14,-74.0,10.9,18.0,20124.79
140,48917.06,115392.0,13.2,18.0,1692698.42
141,29078.42,75773.0,27.2,18.0,1082668.64
142,39796.09,97767.0,34.2,18.0,1389304.33
143,28516.31,71838.0,19.3,18.0,1040404.38
144,43989.43,111050.0,16.2,18.0,1638419.43
145,29625.6,82666.0,20.4,18.0,1203095.37
146,35733.64,90081.0,34.3,18.0,1226105.95
147,8278.14,23044.0,13.4,18.0,341914.86
148,21994.09,53289.0,18.4,18.0,810336.98
149,35000.61,83977.0,8.9,18.0,1252958.17
150,6126.37,19626.0,28.6,18.0,224949.89
151,22540.66,59291.0,15.0,18.0,849991.17
152,9143.91,30736.0,20.9,18.0,437351.39
153,25841.95,60750.0,25.8,18.0,872280.03
154,41132.76,104688.0,28.6,18.0,1503086.55
155,5415.23,17395.0,10.8,18.0,250674.01
156,40203.37,92165.0,33.8,18.0,1315566.48
157,28691.19,65357.0,9.5,18.0,955028.38
158,29878.04,77156.0,11.4,18.0,1129739.8
159,10706.93,27926.0,5.3,18.0,379079.24
160,22369.79,52731.0,27.7,18.0,714084.53
161,15499.28,43303.0,22.0,18.0,602369.0
162,2840.33,2623.0,30.3,18.0,26209.25
163,2503.56,-944.0,9.9,18.0,34593.5
164,23202.15,58430.0,21.3,18.0,844775.94
165,37498.34,94407.0,22.8,18.0,1390293.08
166,28307.47,75500.0,22.7,18.0,1097790.22
167,19870.57,50798.0,29.5,18.0,703968.76
168,9235.57,27256.0,19.9,18.0,336473.18
169,42074.8,100342.0,20.2,18.0,1473466.84
170,30353.54,80205.0,9.2,18.0,1192520.35
171,39353.03,93161.0,11.0,18.0,1380168.61
172,42576.95,111582.0,28.4,18.0,1615012.28
173,30554.99,75403.0,34.0,18.0,1092565.68
174,39271.97,98139.0,18.3,18.0,1457827.02
175,31171.11,75857.0,32.7,18.0,1048486.18
176,2037.09,4449.0,25.5,18.0,38288.09
177,37772.77,92837.0,6.7,18.0,1338633.86
178,9626.06,16758.0,20.1,18.0,229869.45
179,23467.2,54526.0,20.4,18.0,813536.79
180,26143.01,62231.0,15.8,18.0,869763.76
181,24717.02,63126.0,28.4,18.0,872684.22
182,42374.9,108567.0,17.7,18.0,1592088.57
183,9565.88,22374.0,30.6,18.0,268083.71
184,1717.11,6213.0,23.9,18.0,56011.11
185,42589.44,108727.0,23.1,18.0,1616830.12
186,37391.05,91930.0,6.8,18.0,1410118.84
187,23378.18,46274.0,30.5,18.0,637892.68
188,21428.02,53744.0,17.9,18.0,767148.58
189,6719.75,24069.0,27.0,18.0,320431.1
190,17595.28,41287.0,24.3,18.0,537777.87
191,5638.29,17796.0,21.1,18.0,232849.72
192,36075.71,86648.0,29.2,18.0,1240900.01
193,4777.18,8654.0,9.4,18.0,121386.31
194,11091.56,38284.0,16.1,18.0,530038.34
195,29115.04,72423.0,22.0,18.0,1049219.81
196,15397.75,33782.0,5.5,18.0,512946.57
197,33130.61,88552.0,24.3,18.0,1302732.38
198,40374.85,102492.0,19.5,18.0,1528168.04
199,18209.46,47484.0,8.1,18.0,702273.27
200,5578.58,4473.0,11.0,18.0,64229.01
201,40852.49,100424.0,29.2,18.0,1405992.45
202,39458.47,98995.0,31.6,18.0,1450004.97
203,20277.54,49892.0,27.5,18.0,701715.93
204,43359.48,103327.0,26.2,18.0,1474160.19
205,19817.51,47885.0,17.5,18.0,695945.67
206,13607.84,41223.0,32.3,18.0,552926.35
207,41640.69,102151.0,31.7,18.0,1474641.52
208,37082.75,95919.0,32.4,18.0,1371185.17
209,25872.44,72247.0,16.6,18.0,1051828.83
210,32572.0,80718.0,5.3,18.0,1207144.29
211,11446.14,27918.0,20.3,18.0,353646.81
212,44889.74,118102.0,6.8,18.0,1753582.25
213,48331.37,126747.0,13.3,18.0,1908384.27
214,16533.08,44750.0,25.4,18.0,596182.85
215,43412.08,102455.0,33.5,18.0,1457548.6
216,16203.9,43168.0,30.4,18.0,577049.72
217,2237.93,6822.0,10.1,18.0,89718.49
218,3410.56,9786.0,27.7,18.0,87213.81
219,10046.72,33839.0,6.5,18.0,497533.79
220,4382.63,6166.0,14.0,18.0,63150.31
221,13616.3,43164.0,27.1,18.0,597267.14
222,45765.5,106014.0,33.6,18.0,1543042.18
223,23434.63,53015.0,32.7,18.0,718933.9
224,7380.38,18747.0,15.8,18.0,255603.56
225,40684.69,100133.0,17.7,18.0,1472208.7
226,20770.02,54277.0,28.2,18.0,743935.25
227,2197.2,9375.0,31.6,18.0,88309.55
228,42984.72,102139.0,21.5,18.0,1468340.26
229,14440.45,35188.0,25.7,18.0,473232.04
230,35746.19,90423.0,8.7,18.0,1343415.82
231,18432.84,39418.0,10.4,18.0,589253.55
232,39921.14,98765.0,6.0,18.0,1435122.95
233,42386.32,105927.0,17.1,18.0,1566215.96
234,27369.23,70249.0,29.1,18.0,982219.36
235,28395.24,68988.0,16.4,18.0,1026422.59
236,7002.99,23170.0,17.5,18.0,302212.02
237,19504.45,48268.0,15.2,18.0,687705.72
238,22008.62,53966.0,19.7,18.0,766228.58
239,26049.22,57222.0,10.6,18.0,828827.55
240,44696.37,107093.0,12.3,18.0,1596660.85
241,15710.32,36286.0,26.6,18.0,510672.9
242,20425.65,43899.0,32.0,18.0,593566.16
243,39870.39,97341.0,16.8,18.0,1405281.19
244,21201.53,48533.0,16.0,18.0,687096.48
245,10058.51,8558.0,32.5,18.0,65873.04
246,42172.12,109907.0,32.7,18.0,1595919.94
247,28894.3,78234.0,29.8,18.0,1139763.59
248,3942.46,11764.0,28.0,18.0,105699.43
249,49456.93,124093.0,23.2,18.0,1769494.79
250,12210.33,30339.0,29.9,18.0,400565.73
251,31120.38,66135.0,26.2,18.0,952857.47
252,19033.31,47249.0,22.2,18.0,664098.75
253,40336.02,93575.0,6.7,18.0,1373732.01
254,31750.53,74519.0,6.3,18.0,1115522.73
255,41239.61,96111.0,24.1,18.0,1371823.49
256,15124.4,38240.0,12.2,18.0,547829.68
257,14464.96,49416.0,7.7,18.0,735166.57
258,30451.54,73704.0,10.4,18.0,1100106.8
259,46987.2,124318.0,6.0,18.0,1849131.6
260,35657.52,91417.0,18.1,18.0,1322871.62
261,13906.76,42660.0,6.8,18.0,637343.33
262,6994.46,23467.0,33.6,18.0,251021.9
263,23477.49,49498.0,29.1,18.0,709049.32
264,48765.81,127461.0,17.0,18.0,1898238.58
265,34348.14,88611.0,26.3,18.0,1282892.75
266,10469.43,20415.0,33.7,18.0,224117.15
267,3290.22,10274.0,7.3,18.0,158121.85
268,47679.55,112059.0,7.1,18.0,1680828.95
269,43073.8,108664.0,22.8,18.0,1602793.88
270,41567.26,109709.0,13.4,18.0,1657849.79
271,48231.13,121775.0,24.5,18.0,1756240.27
272,30347.89,69834.0,22.5,18.0,1008772.69
273,46614.88,115050.0,6.4,18.0,1721508.26
274,8191.67,22220.0,19.1,18.0,275087.73
275,6584.06,20552.0,21.1,18.0,281720.21
276,19229.42,49076.0,11.8,18.0,733178.46
277,38561.45,94576.0,34.9,18.0,1366667.49
278,16735.96,39069.0,31.7,18.0,519280.14
279,32263.72,83068.0,20.7,18.0,1230022.58
280,1451.83,11802.0,8.4,18.0,160444.17
281,27629.79,72585.0,33.0,18.0,1041303.58
282,17549.98,40659.0,14.2,18.0,591725.99
283,45003.19,118714.0,5.9,18.0,1761896.63
284,47094.64,117250.0,9.6,18.0,1734489.97
285,19821.97,57028.0,10.5,18.0,832404.61
286,20409.77,50651.0,8.6,18.0,741158.26
287,44966.72,117884.0,10.0,18.0,1794542.37
288,3882.3,8153.0,7.7,18.0,106724.03
289,20863.59,51434.0,20.7,18.0,721566.66
290,7378.6,25654.0,30.3,18.0,334840.54
291,5261.5,6785.0,15.3,18.0,87755.23
292,39414.25,99737.0,27.2,18.0,1423022.71
293,15924.09,36953.0,28.6,18.0,471022.3
294,29618.74,75499.0,30.8,18.0,1041671.17
295,44044.84,110722.0,10.4,18.0,1624072.3
296,44158.81,121985.0,16.3,18.0,1772572.91
297,30446.76,77880.0,23.9,18.0,1131995.11
298,32616.16,75475.0,9.0,18.0,1091691.83
299,3774.78,7410.0,22.9,18.0,85516.92
300,15576.72,42526.0,31.4,18.0,541963.2
301,34896.96,85698.0,11.0,18.0,1259366.79
302,10262.44,29244.0,6.8,18.0,461128.97
303,40347.37,107735.0,21.6,18.0,1586285.23
304,26223.42,70433.0,29.3,18.0,970052.23
305,38107.02,89738.0,26.0,18.0,1297034.94
306,9711.65,21423.0,6.3,18.0,300569.43
307,5048.39,13055.0,27.4,18.0,118043.74
308,24621.53,52655.0,25.0,18.0,752238.3
309,26913.84,70863.0,21.3,18.0,1010945.53
310,35119.11,86483.0,13.6,18.0,1272201.55
311,11033.32,26713.0,31.9,18.0,358151.99
312,33897.24,86513.0,21.7,18.0,1263609.37
313,39870.2,96739.0,8.5,18.0,1428042.17
314,3045.15,15173.0,26.5,18.0,141061.04
315,48204.52,124286.0,16.9,18.0,1794585.43
316,48794.24,115421.0,16.2,18.0,1682358.8
317,27982.38,70230.0,12.8,18.0,1035247.54
318,4180.44,7777.0,33.9,18.0,45707.09
319,17916.6,48823.0,21.1,18.0,640247.29
320,2001.07,8750.0,18.9,18.0,93505.04
321,40241.74,107501.0,5.5,18.0,1597435.37
322,11188.43,25613.0,22.3,18.0,330209.39
323,8019.37,18672.0,26.2,18.0,216393.03
324,35294.81,89431.0,6.5,18.0,1334658.77
325,3839.54,11351.0,8.2,18.0,148907.49
326,13573.77,30701.0,32.3,18.0,407449.2
327,26006.26,68590.0,8.2,18.0,1002043.93
328,49767.68,124054.0,20.9,18.0,1801250.15
329,8179.27,8137.0,10.0,18.0,106270.76
330,23026.22,45509.0,28.7,18.0,639988.19
331,30470.58,71197.0,19.8,18.0,1032171.94
332,5766.35,22055.0,34.2,18.0,287604.95
333,15148.01,42430.0,24.6,18.0,601763.02
334,36319.2,92475.0,32.1,18.0,1289982.38
335,27989.5,67946.0,5.1,18.0,1031722.55
336,42090.27,104671.0,32.2,18.0,1510267.21
337,29436.24,76391.0,17.8,18.0,1081264.73
338,10044.02,23223.0,13.0,18.0,322829.34
339,31159.6,84373.0,34.5,18.0,1219092.22
340,44460.8,118699.0,33.4,18.0,1692410.51
341,26322.67,71323.0,21.5,18.0,1046108.4
342,31681.04,76243.0,32.7,18.0,1095090.51
343,25747.9,63701.0,12.0,18.0,920253.52
344,45573.47,113635.0,30.8,18.0,1640277.53
345,21251.93,54595.0,12.5,18.0,798113.11
346,27237.97,61041.0,28.6,18.0,880771.47
347,17789.51,50745.0,19.5,18.0,731756.16
348,7349.26,13922.0,31.4,18.0,124729.23
349,33478.27,84551.0,6.6,18.0,1239205.42
350,46847.83,117413.0,6.3,18.0,1800558.87
351,31023.73,76521.0,26.4,18.0,1117291.15
352,42294.19,111553.0,10.3,18.0,1668903.2
353,11677.51,31040.0,7.3,18.0,477027.06
354,45255.42,117662.0,23.9,18.0,1721752.33
355,1478.73,7508.0,21.3,18.0,83806.25
356,12064.82,26754.0,15.6,18.0,347381.45
357,7470.7,25566.0,22.9,18.0,345754.98
358,45469.6,119597.0,33.0,18.0,1757766.49
359,45601.3,109093.0,16.2,18.0,1563985.61
360,29471.84,72427.0,11.3,18.0,1081947.56
361,5287.16,11620.0,11.5,18.0,134649.64
362,6727.09,18430.0,26.3,18.0,205619.0
363,38782.49,99296.0,13.1,18.0,1465008.6
364,36906.97,103888.0,11.2,18.0,1537191.24
365,5269.29,9053.0,32.3,18.0,72991.78
366,18515.7,44779.0,11.2,18.0,668953.49
367,38887.37,103398.0,31.4,18.0,1475885.31
368,7442.11,24559.0,30.7,18.0,305552.37
369,27353.79,64635.0,14.3,18.0,931888.23
370,37981.45,99030.0,27.4,18.0,1459545.39
371,14353.78,34070.0,34.5,18.0,455545.34
372,28759.33,75114.0,33.9,18.0,1025504.46
373,24357.56,64174.0,28.3,18.0,934005.56
374,28274.41,79376.0,6.0,18.0,1171867.64
375,22596.12,48876.0,21.0,18.0,707150.34
376,34993.13,83591.0,11.1,18.0,1260528.75
377,36193.62,93382.0,14.8,18.0,1363781.85
378,38062.74,89855.0,24.9,18.0,1296362.62
379,2828.78,4328.0,29.7,18.0,21307.68
380,34262.93,90367.0,27.6,18.0,1309401.39
381,24383.82,56738.0,16.9,18.0,807611.39
382,5908.4,11863.0,6.7,18.0,181437.12
383,31095.62,77719.0,6.4,18.0,1172471.37
384,42057.81,97742.0,26.2,18.0,1385004.8
385,36960.81,103228.0,10.1,18.0,1530076.95
386,16756.71,36272.0,34.7,18.0,487410.35
387,4324.91,1085.0,26.1,18.0,50591.5
388,2829.18,6458.0,15.6,18.0,73174.21
389,28397.14,68615.0,17.8,18.0,1005833.89
390,8881.78,26165.0,14.4,18.0,392987.98
391,14126.52,40562.0,29.3,18.0,522141.46
392,12549.89,23879.0,18.0,18.0,314029.89
393,1948.03,-511.0,26.3,18.0,68620.03
394,8432.63,15980.0,14.2,18.0,247409.11
395,2661.22,17744.0,10.6,18.0,252614.36
396,49109.91,122244.0,32.5,18.0,1763254.11
397,18663.78,54509.0,7.3,18.0,757975.19
398,41447.76,104012.0,30.5,18.0,1502844.45
399,21199.63,53194.0,7.7,18.0,785040.79
400,13405.78,26356.0,10.0,18.0,385802.33
401,12598.83,31378.0,31.4,18.0,422461.58
402,38882.66,102378.0,6.1,18.0,1525208.41
403,33891.59,85394.0,9.6,18.0,1244571.54
404,35610.21,91126.0,14.2,18.0,1324827.94
405,42804.62,108764.0,23.5,18.0,1542387.67
406,26580.43,78691.0,14.4,18.0,1126937.93
407,22695.71,52820.0,20.0,18.0,771391.7
408,28133.67,74160.0,9.5,18.0,1112268.84
409,32947.75,85899.0,33.5,18.0,1213284.29
410,39639.14,102713.0,18.3,18.0,1493436.58
411,44721.2,120595.0,26.6,18.0,1753062.47
412,16146.15,37600.0,11.6,18.0,556186.83
413,7644.88,16082.0,33.0,18.0,141029.91
414,37795.41,95441.0,26.5,18.0,1374712.74
415,26814.83,70241.0,25.0,18.0,977360.97
416,39452.19,92344.0,14.9,18.0,1344127.93
417,22066.38,54867.0,26.7,18.0,782970.27
418,42103.48,102794.0,32.7,18.0,1499510.23
419,27330.35,75653.0,16.7,18.0,1070556.13
420,13270.77,41142.0,20.8,18.0,601286.05
421,3885.81,9963.0,23.5,18.0,124985.45
422,5505.51,18869.0,20.7,18.0,230454.89
423,9535.8,14158.0,22.8,18.0,143368.97
424,22523.46,54167.0,12.1,18.0,820127.37
425,40735.78,94985.0,19.9,18.0,1360633.2
426,45609.7,112986.0,27.6,18.0,1632710.4
427,29228.44,77446.0,5.1,18.0,1119595.83
428,15266.57,35282.0,9.0,18.0,521809.12
429,32937.53,82365.0,9.6,18.0,1233808.44
430,32258.11,90491.0,34.6,18.0,1283166.46
431,25675.16,66747.0,12.6,18.0,969459.38
432,48312.08,134746.0,33.2,18.0,1975972.57
433,40527.87,100932.0,33.3,18.0,1419179.64
434,46497.45,107017.0,14.3,18.0,1580677.55
435,31082.82,80200.0,27.5,18.0,1124048.13
436,49118.19,121634.0,18.4,18.0,1782504.6
437,36034.41,82948.0,13.1,18.0,1227687.08
438,1424.3,-841.0,30.7,18.0,94603.44
439,15119.13,28918.0,12.4,18.0,443232.31
440,42228.53,115864.0,25.1,18.0,1692724.32
441,22715.68,48893.0,9.9,18.0,679560.55
442,9479.44,33269.0,16.8,18.0,459154.99
443,6611.83,14784.0,25.9,18.0,147445.51
444,40096.15,100771.0,32.5,18.0,1447267.68
445,32796.35,83646.0,16.9,18.0,1268528.1
446,25585.55,69023.0,6.3,18.0,996005.03
447,14996.37,28907.0,11.0,18.0,371481.86
448,32198.1,81337.0,6.2,18.0,1216875.45
449,19048.75,37374.0,18.2,18.0,504359.65
450,27437.39,70642.0,9.6,18.0,1050022.67
451,38341.27,92783.0,17.7,18.0,1399362.82
452,42154.49,103913.0,14.5,18.0,1516881.61
453,6142.91,21566.0,9.8,18.0,294070.94
454,26020.93,55950.0,6.5,18.0,864734.16
455,32628.94,81255.0,10.9,18.0,1204701.87
456,8500.27,23654.0,18.7,18.0,275156.56
457,1086.22,3740.0,19.1,18.0,60366.02
458,48385.24,130879.0,5.6,18.0,1934975.58
459,40585.46,104099.0,26.8,18.0,1483649.55
460,14429.31,30660.0,33.9,18.0,380841.28
461,14675.39,34564.0,10.3,18.0,478335.73
462,6913.3,16401.0,8.0,18.0,243000.33
463,24553.72,66418.0,24.8,18.0,975684.87
464,46682.8,120850.0,17.6,18.0,1781134.9
465,45831.44,116237.0,14.2,18.0,1731987.79
466,12949.88,34705.0,9.8,18.0,528300.08
467,20348.06,52597.0,5.1,18.0,783532.76
468,48541.74,123399.0,18.0,18.0,1780133.93
469,14505.36,37971.0,33.1,18.0,510472.49
470,46954.62,127189.0,34.1,18.0,1854432.26
471,38681.6,101946.0,22.1,18.0,1474896.91
472,44351.22,115558.0,17.6,18.0,1643996.29
473,43679.24,112714.0,16.9,18.0,1664563.66
474,8177.08,24424.0,21.5,18.0,332572.88
475,39670.25,92042.0,15.7,18.0,1359960.66
476,45551.89,116444.0,33.6,18.0,1683651.23
477,42070.36,100974.0,32.6,18.0,1460364.63
478,35889.53,98862.0,11.8,18.0,1462795.24
479,16061.59,41318.0,15.7,18.0,594142.17
480,18335.44,47334.0,21.9,18.0,689564.53
481,12581.32,39559.0,15.4,18.0,553943.0
482,5400.77,9320.0,13.4,18.0,95719.51
483,10529.43,19452.0,33.7,18.0,258927.14
484,31174.59,80056.0,9.8,18.0,1204877.39
485,46672.1,119192.0,27.1,18.0,1758894.09
486,34863.11,90215.0,31.0,18.0,1273013.66
487,28579.51,70054.0,22.7,18.0,1008054.9
488,13924.03,36495.0,5.1,18.0,517121.2
489,26830.2,64410.0,14.7,18.0,929206.96
490,40414.76,94029.0,12.5,18.0,1399577.57
491,15458.72,42259.0,26.5,18.0,540164.71
492,9983.59,25543.0,7.2,18.0,405732.19
493,1966.89,-1796.0,20.4,18.0,68847.84
494,37422.74,86218.0,27.0,18.0,1199997.26
495,2876.38,1496.0,33.3,18.0,53175.0
496,22250.3,57473.0,25.8,18.0,826283.67
497,41772.15,99797.0,27.2,18.0,1428936.11
498,1659.47,5616.0,19.5,18.0,70839.85
499,25957.43,58015.0,14.1,18.0,822571.55
500,24497.89,59962.0,31.6,18.0,821757.87
501,2453.09,8192.0,5.1,18.0,107564.24
502,1560.0,-421.0,21.9,18.0,62362.86
503,17260.36,39680.0,18.0,18.0,546337.5
504,4010.12,3321.0,21.5,18.0,12172.05
505,30310.5,80976.0,25.5,18.0,1164073.93
506,44410.09,108572.0,30.6,18.0,1571693.9
507,21194.55,53138.0,5.8,18.0,795661.89
508,2875.34,-1706.0,11.4,18.0,18496.42
509,4961.28,9390.0,10.0,18.0,92611.09
510,5013.81,12796.0,15.5,18.0,141854.51
511,40659.0,105180.0,8.1,18.0,1553019.92
512,40234.01,100970.0,16.2,18.0,1467789.69
513,1828.58,-4280.0,10.9,18.0,83939.18
514,43203.42,107758.0,27.1,18.0,1570740.19
515,45653.71,114054.0,20.0,18.0,1659752.84
516,20642.96,53569.0,20.6,18.0,748190.48
517,15057.64,40152.0,13.0,18.0,586147.91
518,42309.2,101136.0,11.1,18.0,1515456.77
519,31235.18,77729.0,28.8,18.0,1110483.92
520,7889.34,22883.0,10.3,18.0,312048.79
521,12209.03,34375.0,25.1,18.0,509551.06
522,42233.4,100944.0,31.8,18.0,1440674.71
523,42373.57,102140.0,7.0,18.0,1507099.39
524,11787.15,30695.0,34.5,18.0,353955.62
525,40745.74,100029.0,32.3,18.0,1411976.77
526,27261.72,66716.0,32.3,18.0,970545.57
527,30910.99,81511.0,17.2,18.0,1171267.76
528,26669.62,67421.0,7.0,18.0,974744.15
529,32341.83,83769.0,26.4,18.0,1231560.85
530,1252.66,6201.0,22.3,18.0,15913.48
531,2212.2,171.0,27.4,18.0,58583.58
532,34811.29,90720.0,12.3,18.0,1328116.8
533,9408.06,23288.0,7.2,18.0,328043.85
534,35002.6,79459.0,20.8,18.0,1176900.35
535,14978.02,38630.0,25.0,18.0,564717.8
536,3700.19,10433.0,18.3,18.0,158592.4
537,29528.92,75619.0,32.3,18.0,1075185.48
538,15495.12,36155.0,30.1,18.0,492640.75
539,16817.99,46970.0,6.9,18.0,709957.48
540,48382.48,117060.0,5.3,18.0,1726920.24
541,10551.8,24400.0,10.0,18.0,369887.87
542,18022.43,50472.0,27.0,18.0,671743.86
543,6096.69,17708.0,25.7,18.0,242681.22
544,20687.31,52880.0,34.1,18.0,737754.55
545,5549.53,22516.0,25.3,18.0,261846.84
546,25737.35,63175.0,6.3,18.0,945448.84
547,37386.95,84232.0,25.2,18.0,1234692.76
548,1259.23,4238.0,34.6,18.0,28855.02
549,5417.9,11541.0,8.6,18.0,174495.61
550,3753.02,7662.0,18.7,18.0,22922.72
551,44331.96,106332.0,25.2,18.0,1519774.73
552,49293.71,118088.0,11.0,18.0,1751185.65
553,26488.56,63049.0,10.1,18.0,892389.45
554,10722.45,28765.0,15.8,18.0,386713.13
555,46734.07,110956.0,13.5,18.0,1604589.04
556,33075.31,85154.0,24.3,18.0,1212523.5
557,39797.8,96775.0,5.6,18.0,1456797.46
558,26049.57,65888.0,22.0,18.0,949485.94
559,39622.38,106581.0,29.3,18.0,1531967.03
560,17405.04,41142.0,30.6,18.0,559153.15
561,6549.4,17421.0,22.7,18.0,192255.38
562,45335.88,112662.0,14.7,18.0,1684547.3
563,1206.97,7975.0,9.5,18.0,94184.38
564,4601.69,3974.0,9.4,18.0,48077.37
565,7482.28,20682.0,19.3,18.0,277778.35
566,47165.35,115443.0,23.4,18.0,1720914.46
567,15843.55,32847.0,16.3,18.0,464571.47
568,11452.34,23982.0,34.5,18.0,343144.9
569,13527.47,31136.0,34.0,18.0,369353.63
570,5700.08,15057.0,16.1,18.0,178450.59
571,20688.1,53085.0,7.4,18.0,768556.64
572,36820.35,96083.0,22.3,18.0,1368432.83
573,32762.29,77494.0,21.3,18.0,1112478.46
574,13291.43,32827.0,33.9,18.0,464557.16
575,12144.51,31035.0,22.6,18.0,407465.67
576,25294.99,66960.0,15.0,18.0,962654.63
577,43373.48,103389.0,29.2,18.0,1493528.12
578,32069.12,79440.0,14.2,18.0,1134197.39
579,37970.13,87454.0,30.7,18.0,1236385.51
580,22419.04,54568.0,22.0,18.0,810706.99
581,20610.39,45921.0,18.8,18.0,668616.14
582,36422.9,86815.0,15.1,18.0,1258216.31
583,19246.06,49464.0,15.2,18.0,727348.18
584,28077.3,69408.0,10.0,18.0,1000151.81
585,4942.72,8719.0,17.3,18.0,122375.82
586,30119.5,81662.0,28.5,18.0,1132789.34
587,14765.15,41543.0,18.8,18.0,606248.72
588,37379.93,93210.0,22.7,18.0,1333077.15
589,15642.53,35675.0,34.2,18.0,473480.6
590,38119.3,98193.0,12.7,18.0,1463696.2
591,12091.65,27903.0,32.5,18.0,343327.08
592,1215.97,2183.0,23.1,18.0,27129.97
593,7849.23,22181.0,22.4,18.0,291355.23
594,15492.42,37563.0,7.8,18.0,563126.24
595,10584.1,15232.0,25.4,18.0,167423.0
596,27895.22,70332.0,24.2,18.0,993636.95
597,11289.62,34133.0,23.8,18.0,445386.88
598,39146.12,99518.0,24.8,18.0,1450430.32
599,24749.32,58665.0,24.1,18.0,858774.99
600,32327.68,88822.0,14.4,18.0,1276771.55
601,9217.12,16803.0,8.9,18.0,250117.73
602,46309.45,123572.0,13.8,18.0,1814872.18
603,36149.66,88344.0,13.2,18.0,1295590.36
604,8585.87,14468.0,10.0,18.0,191563.96
605,36458.05,94162.0,6.8,18.0,1410477.74
606,10134.09,29170.0,9.4,18.0,447143.24
607,41653.56,105943.0,8.9,18.0,1594579.8
608,10635.45,29605.0,32.4,18.0,372435.61
609,48103.73,125772.0,15.8,18.0,1880193.92
610,27832.28,71635.0,19.0,18.0,1051124.38
611,11920.32,35798.0,28.1,18.0,473868.01
612,11423.61,30952.0,24.2,18.0,393290.33
613,31771.41,83354.0,24.9,18.0,1168970.15
614,32030.53,77915.0,28.3,18.0,1119324.38
615,15860.67,37238.0,8.3,18.0,571581.14
616,41002.02,97598.0,7.4,18.0,1421175.97
617,21533.78,57459.0,20.4,18.0,850178.78
618,40879.06,99383.0,33.9,18.0,1440467.4
619,13995.54,33415.0,22.3,18.0,493124.98
620,49187.85,121644.0,28.0,18.0,1749383.73
621,43742.96,108370.0,10.8,18.0,1592858.15
622,22977.7,45560.0,5.8,18.0,686383.93
623,17433.84,37703.0,11.5,18.0,563302.55
624,2455.6,8292.0,28.2,18.0,95466.06
625,49555.9,115062.0,10.3,18.0,1676142.9
626,34366.53,91987.0,16.3,18.0,1317276.65
627,10268.75,27951.0,33.1,18.0,364242.96
628,3207.23,5352.0,34.1,18.0,5535.56
629,1643.84,3507.0,33.8,18.0,33924.7
630,33428.72,82977.0,19.1,18.0,1231866.91
631,6268.1,19167.0,26.1,18.0,242931.62
632,16187.92,42066.0,17.8,18.0,599263.43
633,16089.42,45916.0,10.1,18.0,705059.73
634,6756.14,24775.0,23.3,18.0,337281.77
635,47399.64,124257.0,14.2,18.0,1860503.12
636,48892.14,121153.0,28.1,18.0,1764038.84
637,45319.48,115855.0,18.7,18.0,1692796.74
638,40012.83,100215.0,34.6,18.0,1418330.94
639,4206.04,13538.0,27.7,18.0,168729.89
640,36134.89,77831.0,7.1,18.0,1177416.54
641,23339.61,50370.0,27.2,18.0,681197.69
642,8422.7,33338.0,6.1,18.0,477312.73
643,32689.29,84105.0,32.5,18.0,1187093.63
644,2432.49,13789.0,5.3,18.0,215586.66
645,37922.52,100348.0,6.1,18.0,1479728.3
646,44596.91,108428.0,6.9,18.0,1615751.33
647,1508.62,908.0,18.8,18.0,38713.26
648,17043.96,43984.0,9.5,18.0,640500.17
649,41596.06,104346.0,5.7,18.0,1560586.2
650,6517.28,10819.0,22.6,18.0,149325.94
651,2210.09,-3019.0,20.7,18.0,84606.97
652,40903.32,105104.0,29.1,18.0,1530432.69
653,13196.36,37684.0,7.8,18.0,548155.14
654,13210.63,25295.0,7.7,18.0,358415.02
655,8753.6,21750.0,25.7,18.0,251358.14
656,14526.74,47350.0,34.9,18.0,641580.91
657,22006.81,51813.0,34.8,18.0,707177.16
658,13662.67,34580.0,9.4,18.0,497961.44
659,18980.41,48189.0,18.3,18.0,685474.69
660,18115.48,52606.0,24.4,18.0,725044.23
661,17318.75,40567.0,29.1,18.0,517040.54
662,15864.99,34585.0,6.6,18.0,510847.44
663,16441.24,49802.0,17.7,18.0,734758.28
664,14241.03,38339.0,6.1,18.0,585157.11
665,45114.44,106887.0,29.5,18.0,1536041.21
666,48381.74,118254.0,30.1,18.0,1717635.98
667,44938.23,108136.0,33.0,18.0,1575655.24
668,19290.49,52687.0,9.6,18.0,794029.45
669,32765.68,75965.0,23.5,18.0,1080310.19
670,16260.65,45319.0,24.8,18.0,611461.06
671,40688.63,107955.0,16.7,18.0,1594048.4
672,40433.87,103709.0,12.1,18.0,1572860.33
673,39926.47,95418.0,6.3,18.0,1418101.67
674,6460.32,15333.0,12.9,18.0,199238.15
675,40768.31,110309.0,15.0,18.0,1627128.2
676,39198.06,95077.0,30.3,18.0,1350961.23
677,44368.93,112363.0,5.1,18.0,1693840.8
678,16798.63,49837.0,19.4,18.0,689329.88
679,6251.11,13168.0,32.4,18.0,123627.38
680,8901.24,26736.0,6.7,18.0,370712.41
681,33966.53,96707.0,26.1,18.0,1387087.39
682,35993.34,95183.0,6.1,18.0,1400730.95
683,12624.48,32101.0,9.1,18.0,441827.1
684,40480.15,102159.0,10.5,18.0,1492835.0
685,45996.52,111018.0,27.2,18.0,1643443.63
686,49246.47,126384.0,32.6,18.0,1823548.74
687,49855.31,124313.0,33.4,18.0,1787408.36
688,26280.27,57372.0,7.0,18.0,866858.18
689,35304.13,90062.0,23.8,18.0,1327364.97
690,4751.38,6901.0,17.5,18.0,112922.29
691,45155.93,115002.0,24.4,18.0,1678530.5
692,40865.55,113276.0,21.7,18.0,1637643.72
693,18594.02,42187.0,26.1,18.0,594760.39
694,48809.48,123382.0,16.5,18.0,1811292.09
695,19913.32,51936.0,17.4,18.0,755246.17
696,1794.26,2467.0,9.8,18.0,33544.72
697,1915.05,10144.0,9.4,18.0,130344.67
698,27662.84,73678.0,18.8,18.0,1075634.94
699,22714.17,55857.0,23.2,18.0,779121.96
700,2259.31,3501.0,23.8,18.0,9092.97
701,19046.92,42753.0,5.1,18.0,641855.54
702,21595.7,61142.0,15.3,18.0,852167.32
703,20864.79,51809.0,13.1,18.0,723176.85
704,49905.81,128779.0,8.3,18.0,1903700.88
705,8677.09,20185.0,31.1,18.0,250014.33
706,22410.99,53238.0,20.8,18.0,734932.08
707,14241.4,29453.0,23.9,18.0,357108.41
708,48479.21,119373.0,8.6,18.0,1815046.77
709,29900.64,80147.0,26.1,18.0,1132219.44
710,35505.13,87442.0,7.9,18.0,1273649.49
711,32846.9,85683.0,17.1,18.0,1253629.21
712,38014.95,104988.0,9.6,18.0,1567411.62
713,44380.4,115758.0,5.9,18.0,1772608.87
714,13399.58,32735.0,21.9,18.0,438313.16
715,12171.7,42904.0,22.0,18.0,610432.88
716,30529.44,74011.0,7.0,18.0,1105882.86
717,12572.04,27063.0,26.0,18.0,355432.68
718,36818.33,88060.0,15.8,18.0,1285429.41
719,33535.95,88106.0,11.3,18.0,1262736.19
720,12724.47,28158.0,15.9,18.0,383385.07
721,10109.82,27191.0,31.9,18.0,320656.46
722,16326.01,51343.0,25.8,18.0,708716.51
723,18950.12,49669.0,33.4,18.0,626157.89
724,29905.43,72541.0,29.5,18.0,1036465.63
725,38202.71,93911.0,24.8,18.0,1384651.59
726,16795.19,35451.0,13.6,18.0,523584.32
727,25599.09,69134.0,16.8,18.0,1019031.35
728,29607.72,82994.0,19.0,18.0,1177266.45
729,14063.44,41615.0,24.9,18.0,594755.0
730,35978.49,87104.0,5.1,18.0,1308076.05
731,23406.28,58243.0,29.8,18.0,789720.33
732,32861.34,75390.0,17.9,18.0,1101615.52
733,25630.77,67739.0,30.3,18.0,981963.5
734,22138.28,50126.0,12.6,18.0,734049.0
735,36170.56,92058.0,9.8,18.0,1367549.11
736,1605.68,4758.0,7.2,18.0,47096.97
737,4934.42,14531.0,30.9,18.0,157283.82
738,29242.27,71018.0,33.4,18.0,980015.83
739,40867.46,102461.0,10.7,18.0,1539098.49
740,28515.28,69071.0,11.2,18.0,1008832.21
741,30575.99,67503.0,15.3,18.0,979711.16
742,11808.46,24306.0,24.0,18.0,286817.33
743,46057.51,113508.0,8.7,18.0,1644451.48
744,11069.53,34944.0,16.1,18.0,479989.03
745,34728.59,97697.0,17.5,18.0,1430765.76
746,19385.28,51006.0,21.1,18.0,715673.78
747,11364.92,32789.0,23.6,18.0,417712.57
748,41228.58,100913.0,34.8,18.0,1482174.77
749,6614.15,11769.0,21.1,18.0,146804.13
750,38879.48,99812.0,25.5,18.0,1451452.75
751,24669.97,57545.0,8.2,18.0,873387.55
752,47535.78,117017.0,12.3,18.0,1740062.7
753,27935.48,75175.0,13.8,18.0,1128109.02
754,26696.88,67919.0,32.9,18.0,978695.91
755,43805.66,109631.0,31.0,18.0,1569597.75
756,32689.57,82814.0,32.5,18.0,1168993.12
757,17132.31,36772.0,15.8,18.0,506118.97
758,1512.02,3793.0,5.1,18.0,41449.67
759,7717.68,20839.0,28.2,18.0,265253.32
760,38745.58,94636.0,7.4,18.0,1380686.51
761,41820.26,104123.0,12.8,18.0,1538605.65
762,33569.3,82924.0,16.0,18.0,1242707.6
763,29202.25,74939.0,23.7,18.0,1061555.51
764,45513.96,119047.0,13.9,18.0,1785366.0
765,36004.38,94254.0,14.3,18.0,1360906.22
766,24613.1,61838.0,9.1,18.0,929086.55
767,35662.1,73592.0,28.6,18.0,1037596.41
768,32329.27,79738.0,14.6,18.0,1189111.81
769,2222.03,12616.0,13.6,18.0,164164.26
770,40350.63,103195.0,30.5,18.0,1483286.7
771,37571.09,87363.0,31.9,18.0,1254906.81
772,19966.4,51135.0,7.4,18.0,731981.22
773,29729.73,81518.0,7.6,18.0,1200834.77
774,12581.48,26436.0,6.6,18.0,385945.72
775,49442.88,120287.0,24.5,18.0,1711724.89
776,29850.33,80636.0,6.6,18.0,1202015.5
777,10754.82,25814.0,28.7,18.0,328626.69
778,49518.22,122822.0,32.4,18.0,1759774.65
779,42801.97,112782.0,20.9,18.0,1656384.9
780,17861.93,48152.0,10.4,18.0,736442.38
781,33195.01,93055.0,23.6,18.0,1333352.7
782,46719.96,116387.0,6.4,18.0,1709423.48
783,28394.74,80529.0,7.9,18.0,1153410.66
784,31238.15,77693.0,19.5,18.0,1120982.93
785,23980.47,55594.0,17.0,18.0,858890.8
786,49746.66,119528.0,26.3,18.0,1746871.15
787,46740.21,109026.0,20.9,18.0,1580908.33
788,2384.52,176.0,32.9,18.0,62836.11
789,22971.25,50468.0,24.8,18.0,685202.13
790,17658.82,46574.0,13.1,18.0,680501.67
791,8632.35,19108.0,10.7,18.0,272510.89
792,15486.59,49000.0,30.3,18.0,676609.34
793,36145.26,84659.0,29.0,18.0,1172152.22
794,24863.47,60228.0,23.3,18.0,834567.22
795,16106.6,45371.0,27.8,18.0,614888.99
796,46077.49,116953.0,19.7,18.0,1731649.95
797,35091.95,93142.0,34.5,18.0,1354069.7
798,14559.25,32858.0,33.8,18.0,437137.8
799,39864.54,103277.0,21.5,18.0,1458532.29
800,49933.32,119282.0,31.6,18.0,1713054.58
801,35510.72,95217.0,6.0,18.0,1412037.57
802,24266.63,55647.0,28.0,18.0,777689.29
803,39977.7,90778.0,18.3,18.0,1323973.73
804,27092.8,69153.0,18.6,18.0,988906.22
805,29157.01,73054.0,8.8,18.0,1075601.82
806,48345.27,114512.0,6.5,18.0,1688427.98
807,47191.69,116145.0,5.3,18.0,1727922.0
808,29874.0,67528.0,21.2,18.0,1015252.92
809,12248.36,37131.0,10.4,18.0,504011.62
810,25272.39,66153.0,24.3,18.0,913578.53
811,22347.09,57125.0,19.4,18.0,848799.48
812,17217.56,49332.0,21.4,18.0,703226.66
813,30583.75,73132.0,6.9,18.0,1048321.14
814,5639.63,9221.0,31.0,18.0,77776.22
815,6672.12,9250.0,26.6,18.0,100111.16
816,48514.73,119026.0,33.2,18.0,1733492.51
817,47691.84,118515.0,31.3,18.0,1720830.9
818,19620.07,38813.0,13.5,18.0,582483.77
819,49391.22,129412.0,12.6,18.0,1923582.74
820,36193.3,84927.0,12.9,18.0,1259020.25
821,46287.35,109549.0,29.9,18.0,1629974.81
822,17258.42,42810.0,5.9,18.0,633987.41
823,42287.67,104853.0,26.6,18.0,1496941.17
824,30641.2,82503.0,21.2,18.0,1235696.85
825,42248.89,108856.0,23.9,18.0,1565452.39
826,5304.01,19809.0,24.2,18.0,270315.78
827,18174.25,41016.0,5.9,18.0,625443.13
828,22030.6,60136.0,29.2,18.0,830868.14
829,40329.77,102590.0,8.1,18.0,1515583.47
830,12861.42,32995.0,32.7,18.0,436124.41
831,1163.28,5254.0,20.3,18.0,39359.76
832,20044.16,41190.0,24.4,18.0,602721.32
833,46158.06,116816.0,22.7,18.0,1716441.33
834,8478.57,14606.0,16.0,18.0,188805.46
835,37749.73,96940.0,24.6,18.0,1440072.84
836,47426.7,121782.0,27.7,18.0,1740505.68
837,13288.07,33555.0,24.2,18.0,494028.75
838,8714.52,24965.0,5.5,18.0,351140.3
839,17809.71,48032.0,24.2,18.0,644649.05
840,15323.71,48041.0,5.6,18.0,708145.71
841,14250.25,34847.0,30.1,18.0,453721.5
842,24249.89,55887.0,33.6,18.0,796763.04
843,28371.59,69489.0,25.4,18.0,993882.59
844,1311.03,-962.0,32.0,18.0,92340.98
845,42329.43,101684.0,12.6,18.0,1492739.7
846,7665.66,27331.0,29.1,18.0,353480.52
847,38359.66,95304.0,8.1,18.0,1441433.17
848,5039.41,16273.0,29.1,18.0,189124.91
849,38424.3,91837.0,25.5,18.0,1332161.67
850,18806.27,42988.0,25.7,18.0,589532.57
851,12845.55,28639.0,28.3,18.0,372191.99
852,38172.65,93846.0,34.2,18.0,1303941.49
853,3735.14,13530.0,19.2,18.0,164910.47
854,22989.91,59536.0,29.8,18.0,806911.33
855,45140.46,110916.0,28.5,18.0,1586109.18
856,45456.98,116249.0,10.5,18.0,1715893.34
857,23975.18,52147.0,15.5,18.0,752978.6
858,41721.2,102530.0,10.2,18.0,1509088.97
859,33726.68,84568.0,32.8,18.0,1226556.87
860,13823.99,31135.0,28.5,18.0,427803.42
861,18520.36,43653.0,34.0,18.0,590153.21
862,46453.33,116465.0,14.8,18.0,1715783.47
863,44222.96,108363.0,6.5,18.0,1607841.61
864,47923.77,120926.0,18.8,18.0,1745438.59
865,11838.57,33465.0,8.3,18.0,487393.69
866,8392.0,17282.0,30.8,18.0,220003.12
867,7037.94,12850.0,6.6,18.0,210410.46
868,24420.43,60544.0,31.5,18.0,860213.48
869,13613.69,29304.0,19.7,18.0,389201.86
870,47375.65,113186.0,27.6,18.0,1661911.65
871,25056.18,57609.0,16.9,18.0,809551.94
872,36323.67,78900.0,23.5,18.0,1098834.37
873,49815.38,127864.0,17.1,18.0,1836746.58
874,22331.55,53363.0,23.9,18.0,764429.51
875,2051.75,12605.0,29.6,18.0,105728.11
876,1739.98,11220.0,6.5,18.0,166471.52
877,24113.12,59761.0,32.6,18.0,872334.96
878,32263.94,91162.0,19.0,18.0,1327721.92
879,6171.83,20651.0,34.7,18.0,238131.56
880,11763.22,19698.0,21.9,18.0,303344.57
881,37011.94,94250.0,20.6,18.0,1397254.36
882,35943.27,87070.0,30.5,18.0,1238336.61
883,48058.98,124455.0,22.0,18.0,1795880.3
884,36835.27,93223.0,23.7,18.0,1334428.69
885,42162.27,103845.0,9.4,18.0,1504684.35
886,30118.58,77389.0,19.0,18.0,1128432.99
887,34417.63,88954.0,10.0,18.0,1286272.02
888,35829.94,88106.0,29.6,18.0,1240049.36
889,9604.83,11494.0,21.6,18.0,122457.68
890,19712.57,47123.0,8.8,18.0,692565.76
891,20540.02,46287.0,5.8,18.0,709220.68
892,19969.97,55730.0,5.3,18.0,810291.46
893,10178.68,15616.0,13.0,18.0,232012.53
894,21745.85,45021.0,5.9,18.0,657689.14
895,37160.94,90668.0,19.9,18.0,1272337.04
896,49515.89,124711.0,16.7,18.0,1813699.31
897,4372.98,14431.0,6.8,18.0,235820.73
898,42769.85,103849.0,8.0,18.0,1556225.05
899,39452.73,87965.0,9.5,18.0,1265583.66
900,24487.49,64952.0,19.3,18.0,902835.99
901,15579.45,35775.0,22.1,18.0,464718.72
902,24681.38,60536.0,14.2,18.0,874724.85
903,20251.66,56570.0,32.7,18.0,808951.2
904,45085.03,112427.0,11.5,18.0,1655878.88
905,14720.61,29129.0,25.1,18.0,372062.43
906,5636.21,19391.0,11.2,18.0,242679.33
907,25720.97,55212.0,14.1,18.0,827047.92
908,9710.57,23599.0,25.3,18.0,279772.13
909,12339.78,34510.0,17.4,18.0,457199.64
910,35189.77,96009.0,12.8,18.0,1405249.59
911,44374.35,111683.0,13.1,18.0,1626294.11
912,44924.46,109347.0,10.5,18.0,1589440.46
913,40534.11,101755.0,5.4,18.0,1544793.81
914,39564.83,95891.0,10.8,18.0,1444093.81
915,40765.32,105161.0,6.9,18.0,1578409.44
916,16903.54,40158.0,5.5,18.0,607271.61
917,31420.96,82286.0,23.9,18.0,1196466.5
918,9897.97,21397.0,21.8,18.0,287859.7
919,42779.66,106542.0,19.5,18.0,1552269.01
920,47934.02,124051.0,30.8,18.0,1798975.64
921,13377.07,38278.0,5.7,18.0,575637.15
922,4402.25,15088.0,10.8,18.0,224497.19
923,36743.15,99123.0,21.4,18.0,1427495.26
924,45935.7,109953.0,6.0,18.0,1621362.19
925,42329.45,106600.0,19.1,18.0,1593356.32
926,1640.36,9725.0,10.5,18.0,156527.54
927,22113.17,55917.0,19.4,18.0,816667.44
928,20374.78,48822.0,18.0,18.0,717222.94
929,21649.21,54029.0,6.8,18.0,785464.98
930,7871.54,20001.0,18.2,18.0,242574.37
931,38300.69,92881.0,22.9,18.0,1352438.71
932,34930.46,83209.0,21.7,18.0,1160263.23
933,30979.55,75508.0,30.2,18.0,1061532.67
934,46516.6,118259.0,24.1,18.0,1743519.49
935,36055.5,85594.0,19.1,18.0,1252393.38
936,16830.6,38992.0,30.3,18.0,518748.01
937,40986.19,103526.0,22.3,18.0,1497617.1
938,47404.49,114790.0,16.9,18.0,1709738.03
939,8905.89,17356.0,10.2,18.0,247953.94
940,26919.95,59283.0,33.1,18.0,775838.13
941,39187.69,99725.0,24.9,18.0,1464931.96
942,18533.49,57226.0,7.9,18.0,855174.04
943,19066.01,38899.0,28.6,18.0,522058.99
944,35357.47,89994.0,12.5,18.0,1298168.13
945,28101.23,60813.0,33.8,18.0,790133.61
946,31514.53,81425.0,34.9,18.0,1146693.71
947,11058.56,29732.0,22.0,18.0,406505.82
948,32516.14,81855.0,24.3,18.0,1190708.76
949,25309.8,63538.0,10.2,18.0,955082.5
950,33189.95,90618.0,33.8,18.0,1282677.8
951,15357.43,42420.0,9.8,18.0,622901.51
952,7921.9,25902.0,32.4,18.0,301110.58
953,42000.56,105680.0,5.2,18.0,1582512.09
954,6545.23,15286.0,11.4,18.0,212104.5
955,6487.18,9725.0,29.2,18.0,110688.59
956,23486.72,57100.0,23.7,18.0,822692.33
957,21333.26,53922.0,33.6,18.0,738431.63
958,47325.9,123008.0,31.2,18.0,1747075.86
959,21194.68,49701.0,24.0,18.0,698050.55
960,16964.66,45412.0,10.3,18.0,666592.03
961,16751.79,36510.0,33.2,18.0,470331.01
962,13211.56,29326.0,28.7,18.0,376364.26
963,37207.37,96287.0,18.0,18.0,1411184.38
964,2423.21,2561.0,11.9,18.0,37160.48
965,32768.96,76735.0,18.9,18.0,1122952.87
966,4186.43,14685.0,21.4,18.0,168286.29
967,12769.45,40975.0,29.7,18.0,535836.91
968,5431.88,6624.0,34.4,18.0,752.0
969,38287.28,94913.0,26.0,18.0,1365722.92
970,11551.02,27310.0,18.6,18.0,352682.7
971,34344.99,85068.0,34.0,18.0,1203484.65
972,24268.5,53022.0,24.1,18.0,747049.07
973,46609.98,116783.0,26.0,18.0,1701940.31
974,8740.48,16318.0,12.6,18.0,193758.93
975,24580.45,66544.0,14.1,18.0,964506.82
976,5463.56,5326.0,8.2,18.0,51137.93
977,9646.43,20946.0,17.9,18.0,254750.36
978,4607.77,6879.0,17.6,18.0,44569.99
979,17855.67,46745.0,17.9,18.0,663582.01
980,34172.65,97067.0,19.0,18.0,1405352.35
981,14604.31,34900.0,26.6,18.0,475302.91
982,16212.89,48047.0,27.8,18.0,620200.45
983,3668.59,4231.0,11.7,18.0,34291.07
984,15826.55,38096.0,31.5,18.0,499857.0
985,42906.84,108667.0,17.0,18.0,1622732.2
986,28824.48,69611.0,25.5,18.0,1001930.27
987,48533.68,111158.0,33.0,18.0,1626741.68
988,34904.59,85809.0,11.3,18.0,1268880.52
989,7502.19,23533.0,23.8,18.0,323390.42
990,8857.99,16969.0,32.5,18.0,168325.5
991,20156.82,59268.0,17.9,18.0,870549.97
992,9469.35,25620.0,20.1,18.0,348150.16
993,2323.15,2549.0,13.2,18.0,19511.16
994,12225.47,30418.0,11.8,18.0,440314.15
995,20695.97,53013.0,7.7,18.0,792676.44
996,26263.85,59471.0,9.6,18.0,914891.89
997,11297.51,27537.0,24.6,18.0,385627.63
998,9090.52,22720.0,24.3,18.0,296269.97
999,34807.45,92211.0,31.3,18.0,1304273.2
1000,5664.27,2922.0,8.3,18.0,27904.13
