ID_Colaborador,Nivel_Senioridade,Salario_Mensal_BRL,Dias_Presenciais_Semana,Acidente_Trabalho_Ano,Horas_Extras_Mensais,Probabilidade_Turnover_Perc
1,4,13258.09,5,0.0,28.0,53.6
2,5,17104.17,5,0.0,59.0,81.8
3,3,10558.88,5,0.0,47.0,88.7
4,5,17410.98,5,0.0,46.0,68.1
5,5,17829.77,5,0.0,45.0,62.8
6,2,6950.15,5,0.0,9.0,41.1
7,3,10799.21,5,0.0,13.0,46.0
8,3,11100.39,5,0.0,28.0,58.0
9,3,10448.92,5,0.0,16.0,44.1
10,5,17722.06,5,0.0,25.0,39.0
11,4,13298.09,5,0.0,53.0,80.0
12,3,10450.44,5,0.0,49.0,84.6
13,5,17007.22,5,0.0,38.0,65.0
14,2,7058.09,5,0.0,51.0,90.5
15,4,14094.4,5,0.0,47.0,70.4
16,2,7093.07,5,0.0,26.0,71.8
17,4,13807.95,5,0.0,12.0,30.6
18,5,18419.39,5,0.0,31.0,44.8
19,1,2992.79,5,0.0,44.0,100.0
20,4,13468.34,5,0.0,26.0,42.3
21,2,7661.99,5,0.0,40.0,86.1
22,5,17218.29,5,0.0,6.0,17.0
23,4,13622.12,5,0.0,45.0,74.2
24,1,4421.16,5,0.0,49.0,100.0
25,1,3894.29,5,0.0,42.0,89.8
26,3,10262.21,5,0.0,58.0,100.0
27,3,10587.0,5,0.0,50.0,82.8
28,2,7778.35,5,0.0,54.0,100.0
29,4,14276.65,5,0.0,56.0,91.4
30,4,14514.46,5,0.0,48.0,82.6
31,3,10821.92,5,0.0,40.0,73.2
32,4,14372.1,5,0.0,0.0,20.7
33,4,14015.9,5,0.0,28.0,49.7
34,1,3504.54,5,0.0,34.0,95.6
35,3,10606.82,5,0.0,18.0,51.8
36,5,17793.78,5,0.0,19.0,33.3
37,3,10386.67,5,0.0,58.0,96.8
38,5,17548.82,5,0.0,54.0,76.2
39,1,3375.86,5,0.0,51.0,100.0
40,2,7046.27,5,0.0,24.0,62.0
41,4,13499.6,5,0.0,1.0,17.0
42,1,4542.39,5,0.0,5.0,47.0
43,4,13706.82,5,0.0,19.0,34.8
44,2,6855.42,5,0.0,1.0,38.7
45,2,6672.29,5,0.0,1.0,31.2
46,1,3746.28,5,0.0,55.0,100.0
47,2,6921.6,5,0.0,42.0,84.8
48,5,17114.48,5,0.0,19.0,31.6
49,2,7262.75,5,0.0,8.0,44.8
50,4,14316.66,5,0.0,31.0,52.0
51,4,13973.25,5,0.0,0.0,16.4
52,4,13734.55,5,0.0,56.0,89.0
53,4,14876.43,5,0.0,25.0,51.0
54,5,17636.03,5,0.0,24.0,41.9
55,3,9990.37,5,0.0,23.0,54.3
56,1,4065.62,5,0.0,4.0,47.8
57,4,13657.69,5,0.0,38.0,65.1
58,2,8096.75,5,0.0,44.0,83.5
59,4,14031.86,5,0.0,41.0,74.1
60,2,7405.33,5,0.0,8.0,50.6
61,2,6167.99,5,0.0,35.0,79.6
62,4,13486.34,5,0.0,34.0,56.9
63,5,18033.54,5,0.0,52.0,75.2
64,2,7127.13,5,0.0,23.0,66.2
65,2,7816.96,5,0.0,22.0,54.6
66,4,14194.07,5,0.0,37.0,71.0
67,2,7058.12,5,0.0,38.0,70.9
68,2,7685.43,5,0.0,28.0,71.3
69,4,14404.05,5,0.0,27.0,57.2
70,4,13921.5,5,0.0,30.0,53.0
71,1,3062.36,5,0.0,52.0,100.0
72,5,16551.35,5,0.0,28.0,46.5
73,5,17324.93,5,0.0,56.0,86.9
74,2,6525.47,5,0.0,30.0,68.9
75,5,18539.08,5,0.0,57.0,74.4
76,2,6739.85,5,0.0,50.0,91.8
77,1,3228.92,5,0.0,22.0,60.3
78,4,13391.5,5,0.0,52.0,84.7
79,4,13893.47,5,0.0,7.0,23.4
80,4,13734.19,5,0.0,56.0,83.6
81,5,18195.09,5,0.0,38.0,60.0
82,1,3567.39,5,0.0,3.0,44.0
83,5,17496.45,5,0.0,39.0,60.2
84,5,17446.13,5,0.0,58.0,75.0
85,1,3814.47,5,0.0,4.0,51.8
86,1,3319.07,5,0.0,33.0,83.6
87,1,3766.88,5,0.0,45.0,95.4
88,1,4145.59,5,0.0,49.0,100.0
89,4,14184.03,5,0.0,25.0,41.4
90,3,10400.11,5,0.0,12.0,41.2
91,3,10118.62,5,0.0,3.0,28.3
92,1,3389.95,5,0.0,35.0,77.4
93,3,10725.23,5,0.0,27.0,55.3
94,3,9886.99,5,0.0,57.0,93.7
95,1,3832.62,5,0.0,4.0,43.3
96,3,10583.05,5,0.0,41.0,63.3
97,5,17440.32,5,0.0,1.0,17.2
98,2,6736.23,5,0.0,10.0,45.6
99,2,6809.45,5,0.0,27.0,55.3
100,1,3738.92,5,0.0,27.0,85.4
101,4,13948.72,5,0.0,41.0,73.6
102,1,3299.54,5,0.0,55.0,100.0
103,4,14187.43,5,0.0,38.0,59.8
104,2,7203.28,5,0.0,57.0,100.0
105,1,3000.33,5,0.0,53.0,100.0
106,5,17728.59,5,0.0,35.0,54.8
107,3,11500.68,5,0.0,50.0,81.8
108,4,14187.85,5,0.0,39.0,69.8
109,3,9820.4,5,0.0,5.0,29.3
110,3,10570.95,5,0.0,44.0,82.7
111,1,2767.67,5,0.0,6.0,44.8
112,3,11766.95,5,0.0,36.0,82.0
113,5,18394.27,5,0.0,42.0,64.1
114,3,10233.62,5,0.0,4.0,45.2
115,1,2601.73,5,0.0,14.0,62.8
116,5,17148.65,5,0.0,55.0,73.1
117,2,6927.6,5,0.0,37.0,82.5
118,3,9795.25,5,0.0,15.0,48.2
119,1,3472.39,5,0.0,41.0,93.6
120,2,6924.97,5,0.0,36.0,80.1
121,2,7050.06,5,0.0,30.0,73.9
122,4,14091.86,5,0.0,59.0,83.3
123,5,17113.75,5,0.0,41.0,53.9
124,3,10158.63,5,0.0,23.0,49.1
125,1,3518.24,5,0.0,48.0,100.0
126,4,13747.6,5,0.0,53.0,80.6
127,5,17863.0,5,0.0,8.0,14.1
128,4,14014.36,5,0.0,12.0,36.3
129,5,18246.0,5,0.0,13.0,27.0
130,5,17828.19,5,0.0,41.0,60.6
131,3,10941.49,5,0.0,36.0,68.1
132,5,17553.03,5,0.0,37.0,52.7
133,4,14062.94,5,0.0,56.0,81.5
134,5,18192.53,5,0.0,47.0,70.5
135,3,10348.68,5,0.0,8.0,31.7
136,3,10718.71,5,0.0,21.0,52.1
137,4,13893.5,5,0.0,26.0,57.7
138,2,6892.55,5,0.0,24.0,60.8
139,2,6532.44,5,0.0,40.0,87.0
140,5,17202.99,5,0.0,54.0,77.1
141,1,3128.69,5,0.0,18.0,65.6
142,5,17737.75,5,0.0,33.0,51.9
143,4,14416.08,5,0.0,47.0,74.4
144,4,13962.1,5,0.0,25.0,48.1
145,4,14091.85,5,0.0,10.0,27.4
146,4,13939.01,5,0.0,28.0,52.4
147,4,13675.69,5,0.0,3.0,19.0
148,3,10844.91,5,0.0,57.0,98.9
149,2,7261.01,5,0.0,4.0,30.9
150,4,13242.98,5,0.0,26.0,52.0
151,1,3386.76,5,0.0,32.0,81.8
152,1,3147.19,5,0.0,59.0,100.0
153,1,3343.62,5,0.0,10.0,59.1
154,1,3231.83,5,0.0,7.0,48.8
155,3,10481.43,5,0.0,1.0,27.9
156,1,3368.03,5,0.0,9.0,44.6
157,4,13859.54,5,0.0,12.0,30.8
158,5,17942.96,5,0.0,38.0,59.7
159,1,3722.87,5,0.0,13.0,51.1
160,3,10218.44,5,0.0,1.0,28.3
161,3,10277.78,5,0.0,50.0,82.1
162,1,3696.72,5,0.0,22.0,67.8
163,5,17696.17,5,0.0,21.0,32.4
164,1,3258.49,5,0.0,18.0,57.5
165,3,10406.4,5,0.0,59.0,98.2
166,2,7738.72,5,0.0,10.0,46.0
167,4,13765.38,5,0.0,54.0,85.7
168,3,11264.32,5,0.0,47.0,85.9
169,1,3941.47,5,0.0,5.0,53.6
170,4,14690.17,5,0.0,59.0,89.7
171,1,3248.37,5,0.0,16.0,67.9
172,1,3432.58,5,0.0,6.0,44.2
173,2,6820.33,5,0.0,50.0,98.3
174,4,14450.7,5,0.0,42.0,71.2
175,4,13772.93,5,0.0,37.0,63.6
176,2,7292.49,5,0.0,9.0,47.5
177,3,10771.32,5,0.0,29.0,55.6
178,1,3480.79,5,0.0,47.0,92.2
179,5,18019.46,5,0.0,18.0,40.4
180,1,3543.07,5,0.0,19.0,63.6
181,1,3833.63,5,0.0,0.0,41.3
182,3,10302.12,5,0.0,10.0,33.0
183,1,3210.63,5,0.0,53.0,97.6
184,2,7292.46,5,0.0,27.0,65.4
185,2,7172.34,5,0.0,59.0,100.0
186,4,14097.32,5,0.0,24.0,46.5
187,5,17362.52,5,0.0,43.0,61.9
188,1,4119.68,5,0.0,17.0,74.7
189,1,3053.37,5,0.0,22.0,66.5
190,3,10031.46,5,0.0,11.0,47.6
191,2,7376.87,5,0.0,21.0,67.2
192,5,17844.04,5,0.0,33.0,53.2
193,4,14141.51,5,0.0,60.0,88.2
194,2,6884.82,5,0.0,40.0,75.0
195,4,14200.97,5,0.0,12.0,34.7
196,3,11188.33,5,0.0,3.0,34.3
197,3,11506.22,5,0.0,8.0,43.8
198,1,2837.43,5,0.0,34.0,77.8
199,5,17332.43,5,0.0,46.0,63.9
200,4,13807.29,5,0.0,56.0,81.0
201,2,7650.61,5,0.0,1.0,32.0
202,3,9507.48,5,0.0,31.0,67.0
203,1,3705.53,5,0.0,28.0,72.5
204,1,3397.28,5,0.0,39.0,85.1
205,4,14655.25,5,0.0,34.0,62.3
206,3,11100.42,5,0.0,41.0,77.7
207,5,17646.2,5,0.0,39.0,59.1
208,3,9868.11,5,0.0,7.0,31.2
209,4,13770.44,5,0.0,48.0,82.0
210,4,13814.24,5,0.0,7.0,26.9
211,3,9969.42,5,0.0,42.0,88.2
212,4,14461.83,5,0.0,25.0,48.8
213,3,9918.63,5,0.0,31.0,51.3
214,2,7786.13,5,0.0,54.0,87.1
215,3,11285.13,5,0.0,53.0,93.2
216,3,10345.98,5,0.0,49.0,91.4
217,4,14131.4,5,0.0,31.0,50.8
218,4,13971.09,5,0.0,44.0,81.5
219,1,3860.73,5,0.0,31.0,87.2
220,1,4009.87,5,0.0,52.0,100.0
221,2,7103.2,5,0.0,24.0,65.7
222,1,3687.65,5,0.0,58.0,100.0
223,3,10251.76,5,0.0,56.0,100.0
224,4,14174.69,5,0.0,44.0,74.8
225,1,3565.1,5,0.0,17.0,63.1
226,1,3135.28,5,0.0,8.0,54.8
227,2,6994.39,5,0.0,51.0,98.2
228,2,6846.73,5,0.0,10.0,50.5
229,3,10256.2,5,0.0,51.0,79.7
230,4,13541.4,5,0.0,29.0,54.9
231,2,7025.0,5,0.0,24.0,65.6
232,1,3187.81,5,0.0,54.0,100.0
233,4,13811.56,5,0.0,36.0,65.4
234,4,14430.05,5,0.0,35.0,69.1
235,1,3752.85,5,0.0,34.0,82.9
236,2,6608.49,5,0.0,22.0,64.2
237,1,3640.76,5,0.0,47.0,100.0
238,4,14053.11,5,0.0,15.0,37.0
239,5,18180.68,5,0.0,56.0,73.2
240,5,18053.26,5,0.0,54.0,77.4
241,3,9886.5,5,0.0,20.0,39.3
242,1,3844.45,5,0.0,44.0,83.0
243,1,4006.08,5,0.0,34.0,84.9
244,3,10723.74,5,0.0,20.0,38.6
245,3,10365.84,5,0.0,59.0,90.6
246,3,11465.36,5,0.0,2.0,25.9
247,4,14260.56,5,0.0,15.0,32.6
248,1,4290.62,5,0.0,31.0,78.7
249,4,14540.59,5,0.0,31.0,61.1
250,3,10685.65,5,0.0,35.0,69.6
251,1,3268.12,5,0.0,45.0,91.9
252,4,13990.36,5,0.0,37.0,69.7
253,4,13911.24,5,0.0,36.0,54.1
254,3,10014.19,5,0.0,3.0,31.0
255,1,3760.11,5,0.0,23.0,61.4
256,3,11126.94,5,0.0,14.0,44.0
257,1,3380.68,5,0.0,16.0,59.5
258,5,18365.46,5,0.0,33.0,55.3
259,2,6376.97,5,0.0,12.0,52.0
260,2,7421.75,5,0.0,18.0,52.2
261,2,7668.61,5,0.0,14.0,47.2
262,3,10418.39,5,0.0,57.0,92.7
263,5,17425.58,5,0.0,57.0,87.4
264,1,3917.11,5,0.0,37.0,94.0
265,4,14202.4,5,0.0,55.0,79.7
266,1,2701.04,5,0.0,47.0,100.0
267,4,13662.65,5,0.0,35.0,51.8
268,1,3494.58,5,0.0,0.0,40.2
269,5,16952.12,5,0.0,46.0,61.0
270,4,13810.33,5,0.0,42.0,73.9
271,3,9962.13,5,0.0,37.0,63.8
272,1,3351.93,5,0.0,46.0,98.9
273,1,3365.35,5,0.0,31.0,78.9
274,4,14140.7,5,0.0,42.0,67.8
275,3,10463.3,5,0.0,56.0,100.0
276,3,10701.12,5,0.0,23.0,61.9
277,5,17653.42,5,0.0,42.0,60.3
278,3,10912.54,5,0.0,29.0,58.5
279,3,10849.51,5,0.0,40.0,67.0
280,3,10807.25,5,0.0,46.0,80.9
281,2,8241.95,5,0.0,3.0,47.0
282,5,17638.96,5,0.0,39.0,55.9
283,1,4537.43,5,0.0,14.0,62.0
284,4,14164.89,5,0.0,40.0,59.3
285,1,3466.86,5,0.0,28.0,73.5
286,5,17350.73,5,0.0,46.0,68.0
287,4,14603.89,5,0.0,7.0,27.4
288,5,18156.2,5,0.0,38.0,59.2
289,3,10739.91,5,0.0,17.0,43.0
290,4,14453.42,5,0.0,51.0,70.7
291,3,9989.11,5,0.0,56.0,98.5
292,1,2880.49,5,0.0,60.0,100.0
293,1,3998.53,5,0.0,48.0,100.0
294,4,13949.28,5,0.0,45.0,74.5
295,4,14299.72,5,0.0,13.0,25.2
296,5,17213.08,5,0.0,20.0,39.4
297,5,18162.8,5,0.0,28.0,40.7
298,3,9883.83,5,0.0,46.0,82.0
299,4,13445.77,5,0.0,55.0,82.1
300,1,4077.72,5,0.0,11.0,63.7
301,5,16456.06,5,0.0,55.0,83.1
302,5,17651.43,5,0.0,42.0,51.0
303,1,3457.07,5,0.0,37.0,97.3
304,5,17205.62,5,0.0,12.0,21.0
305,3,10420.02,5,0.0,3.0,40.5
306,4,13660.99,5,0.0,34.0,57.6
307,1,4116.9,5,0.0,39.0,87.2
308,4,14721.8,5,0.0,13.0,31.9
309,5,17225.7,5,0.0,33.0,48.1
310,5,17610.21,5,0.0,51.0,84.3
311,1,2969.97,5,0.0,50.0,100.0
312,3,10929.22,5,0.0,56.0,91.3
313,2,7418.8,5,0.0,22.0,60.7
314,1,3381.9,5,0.0,19.0,60.1
315,2,7006.75,5,0.0,45.0,95.9
316,2,6962.49,5,0.0,26.0,57.7
317,3,9852.62,5,0.0,5.0,29.2
318,2,7618.4,5,0.0,17.0,59.0
319,2,6693.22,5,0.0,25.0,64.3
320,3,10195.94,5,0.0,18.0,49.8
321,2,6939.83,5,0.0,20.0,65.6
322,2,7398.22,5,0.0,18.0,60.2
323,2,6763.48,5,0.0,2.0,37.7
324,1,2719.13,5,0.0,38.0,98.3
325,1,3145.2,5,0.0,36.0,81.9
326,1,3669.66,5,0.0,39.0,88.5
327,3,11375.9,5,0.0,12.0,39.7
328,5,16996.03,5,0.0,18.0,30.8
329,2,6481.4,5,0.0,37.0,73.3
330,2,6394.96,5,0.0,36.0,69.3
331,3,9845.31,5,0.0,30.0,64.5
332,2,7482.28,5,0.0,21.0,56.1
333,1,4097.88,5,0.0,55.0,100.0
334,5,17571.1,5,0.0,20.0,34.1
335,4,13812.91,5,0.0,27.0,49.5
336,2,7716.46,5,0.0,41.0,88.3
337,1,3569.56,5,0.0,33.0,83.1
338,4,14435.77,5,0.0,21.0,42.1
339,5,17293.42,5,0.0,26.0,38.2
340,4,14017.7,5,0.0,48.0,93.5
341,1,3005.06,5,0.0,17.0,63.8
342,4,14251.7,5,0.0,9.0,33.7
343,3,10576.38,5,0.0,19.0,43.4
344,4,13642.17,5,0.0,51.0,76.3
345,2,6647.56,5,0.0,5.0,51.0
346,2,7646.38,5,0.0,60.0,100.0
347,3,11288.67,5,0.0,32.0,67.2
348,1,3414.75,5,0.0,59.0,100.0
349,2,7027.1,5,0.0,56.0,100.0
350,5,17660.05,5,0.0,27.0,39.2
351,2,7059.21,5,0.0,12.0,42.5
352,2,6330.28,5,0.0,10.0,50.5
353,1,3671.15,5,0.0,14.0,62.0
354,4,13164.84,5,0.0,43.0,72.8
355,2,6706.93,5,0.0,16.0,52.0
356,3,10702.17,5,0.0,20.0,51.9
357,4,14240.0,5,0.0,27.0,48.2
358,5,17175.97,5,0.0,55.0,72.1
359,1,3316.63,5,0.0,11.0,64.0
360,5,17262.47,5,0.0,0.0,11.0
361,4,13958.86,5,0.0,4.0,24.9
362,4,13989.28,5,0.0,54.0,87.3
363,4,14267.39,5,0.0,39.0,65.3
364,5,17293.24,5,0.0,16.0,30.9
365,4,14149.36,5,0.0,11.0,25.3
366,5,17702.81,5,0.0,18.0,26.7
367,4,14079.32,5,0.0,7.0,21.5
368,3,10396.16,5,0.0,56.0,96.8
369,4,14072.26,5,0.0,47.0,74.8
370,5,17800.7,5,0.0,28.0,38.8
371,2,7335.67,5,0.0,52.0,99.2
372,4,14726.15,5,0.0,15.0,38.7
373,2,6603.99,5,0.0,43.0,82.2
374,3,10324.0,5,0.0,51.0,87.5
375,1,2854.61,5,0.0,21.0,70.4
376,3,10872.4,5,0.0,45.0,76.2
377,4,13866.2,5,0.0,18.0,42.1
378,2,7082.48,5,0.0,18.0,57.0
379,2,6758.26,5,0.0,6.0,36.7
380,5,17369.32,5,0.0,26.0,42.8
381,2,7489.28,5,0.0,44.0,88.4
382,5,17777.69,5,0.0,56.0,74.6
383,1,3455.39,5,0.0,36.0,82.7
384,4,14307.13,5,0.0,52.0,75.1
385,5,17815.96,5,0.0,49.0,67.0
386,1,3343.43,5,0.0,10.0,54.4
387,2,6412.37,5,0.0,29.0,66.3
388,2,6640.34,5,0.0,7.0,35.0
389,1,2963.79,5,0.0,41.0,87.7
390,2,7465.77,5,0.0,57.0,100.0
391,1,4035.25,5,0.0,8.0,56.0
392,5,18134.55,5,0.0,44.0,65.8
393,5,16692.18,5,0.0,38.0,59.7
394,1,3928.56,5,0.0,35.0,80.3
395,5,18384.88,5,0.0,23.0,38.8
396,5,17944.8,5,0.0,21.0,23.5
397,5,16639.51,5,0.0,3.0,15.4
398,3,11207.32,5,0.0,13.0,44.7
399,4,14016.68,5,0.0,1.0,17.3
400,2,6907.04,5,0.0,35.0,77.3
401,3,10680.44,5,0.0,6.0,26.0
402,5,17080.4,5,0.0,52.0,68.9
403,1,3501.11,5,0.0,31.0,83.5
404,5,18148.17,5,0.0,42.0,62.9
405,4,14248.96,5,0.0,25.0,45.5
406,5,17523.36,5,0.0,34.0,54.4
407,1,3535.84,5,0.0,57.0,100.0
408,4,13527.44,5,0.0,5.0,21.4
409,5,17440.0,5,0.0,15.0,27.4
410,4,13346.28,5,0.0,47.0,71.9
411,2,7408.98,5,0.0,6.0,35.2
412,2,6125.72,5,0.0,5.0,45.7
413,5,17841.96,5,0.0,22.0,33.2
414,4,14391.76,5,0.0,6.0,20.5
415,1,4027.51,5,0.0,35.0,76.5
416,5,17534.74,5,0.0,14.0,13.1
417,2,7366.65,5,0.0,54.0,100.0
418,2,6936.1,5,0.0,47.0,94.4
419,5,17025.32,5,0.0,42.0,66.3
420,4,14612.29,5,0.0,37.0,61.7
421,2,6961.25,5,0.0,52.0,94.6
422,4,13436.2,5,0.0,13.0,31.5
423,2,6813.27,5,0.0,52.0,94.8
424,2,6829.07,5,0.0,47.0,96.4
425,3,10684.68,5,0.0,45.0,79.7
426,2,7938.82,5,0.0,34.0,76.3
427,1,3708.97,5,0.0,15.0,57.5
428,5,17582.74,5,0.0,25.0,47.1
429,5,18482.31,5,0.0,48.0,57.6
430,4,14391.56,5,0.0,2.0,14.2
431,2,7101.7,5,0.0,47.0,92.2
432,1,3308.24,5,0.0,14.0,68.0
433,4,14126.48,5,0.0,9.0,27.3
434,3,10473.44,5,0.0,7.0,30.1
435,4,14036.57,5,0.0,2.0,25.0
436,4,14525.76,5,0.0,31.0,57.3
437,2,6783.87,5,0.0,13.0,56.2
438,3,10705.42,5,0.0,59.0,90.8
439,4,14379.58,5,0.0,34.0,65.4
440,1,3235.15,5,0.0,8.0,44.2
441,1,3170.95,5,0.0,41.0,90.2
442,5,17439.86,5,0.0,54.0,76.7
443,3,10315.35,5,0.0,45.0,80.6
444,3,10960.93,5,0.0,5.0,36.8
445,5,17099.29,5,0.0,54.0,65.4
446,4,14027.39,5,0.0,48.0,75.9
447,3,11518.42,5,0.0,9.0,43.4
448,1,3665.22,5,0.0,3.0,46.0
449,1,3731.72,5,0.0,33.0,76.4
450,2,7464.27,5,0.0,9.0,50.3
451,3,10314.82,5,0.0,50.0,82.8
452,4,13567.43,5,0.0,22.0,39.7
453,5,17570.6,5,0.0,55.0,71.0
454,5,17606.16,5,0.0,34.0,49.7
455,4,13352.72,5,0.0,11.0,32.1
456,2,7150.03,5,0.0,8.0,37.7
457,5,17927.94,5,0.0,35.0,46.2
458,3,10134.82,5,0.0,46.0,77.4
459,2,7174.22,5,0.0,47.0,85.5
460,3,10856.91,5,0.0,17.0,46.0
461,1,3734.67,5,0.0,12.0,58.5
462,2,7272.4,5,0.0,1.0,36.3
463,5,17402.08,5,0.0,41.0,60.0
464,2,6549.0,5,0.0,5.0,47.9
465,2,6821.14,5,0.0,25.0,66.4
466,2,6765.58,5,0.0,36.0,81.2
467,2,6967.9,5,0.0,56.0,99.4
468,3,10937.31,5,0.0,19.0,53.2
469,1,2975.26,5,0.0,15.0,57.7
470,4,14057.7,5,0.0,39.0,67.2
471,2,6574.64,5,0.0,37.0,71.7
472,5,17203.98,5,0.0,20.0,34.7
473,2,7223.5,5,0.0,56.0,95.9
474,5,17024.02,5,0.0,51.0,75.5
475,3,10793.7,5,0.0,13.0,46.5
476,5,16959.13,5,0.0,14.0,24.9
477,4,14266.79,5,0.0,31.0,65.1
478,1,2880.19,5,0.0,46.0,96.3
479,5,17252.87,5,0.0,3.0,5.1
480,5,18258.6,5,0.0,42.0,56.0
481,1,4183.42,5,1.0,39.0,83.5
482,4,13834.99,5,0.0,14.0,36.6
483,2,7155.98,5,0.0,41.0,76.9
484,5,17981.63,5,0.0,56.0,75.0
485,1,3772.52,5,0.0,3.0,46.9
486,3,10390.61,5,0.0,19.0,49.7
487,1,3200.55,5,0.0,26.0,73.5
488,3,10847.24,5,0.0,54.0,91.4
489,4,14452.28,5,0.0,58.0,85.4
490,2,7686.28,5,0.0,27.0,58.0
491,1,2825.1,5,0.0,45.0,94.0
492,5,16998.75,5,0.0,32.0,50.6
493,4,14464.77,5,0.0,32.0,56.0
494,1,2879.39,5,0.0,17.0,64.0
495,5,17995.42,5,0.0,13.0,22.7
496,1,3414.03,5,0.0,17.0,67.7
497,3,10291.63,5,0.0,33.0,53.3
498,1,3582.17,5,0.0,2.0,44.8
499,1,2961.85,5,0.0,54.0,100.0
500,1,3829.61,5,0.0,9.0,60.7
501,4,14675.85,5,0.0,13.0,32.7
502,1,3848.23,5,0.0,31.0,72.7
503,5,17401.4,5,0.0,43.0,68.0
504,3,9884.79,5,0.0,6.0,32.6
505,3,9900.17,5,0.0,19.0,48.1
506,1,2968.14,5,0.0,58.0,100.0
507,4,13995.09,5,0.0,16.0,30.6
508,4,14045.36,5,0.0,19.0,43.4
509,5,17847.38,5,0.0,50.0,73.6
510,1,2781.59,5,0.0,3.0,46.6
511,3,11024.48,5,0.0,28.0,55.6
512,4,14277.76,5,0.0,23.0,40.0
513,1,3369.27,5,0.0,19.0,57.6
514,4,13524.1,5,0.0,17.0,35.8
515,4,14499.66,5,0.0,5.0,19.5
516,3,10379.96,5,0.0,19.0,40.1
517,2,6991.99,5,0.0,3.0,40.4
518,5,17653.44,5,0.0,47.0,59.6
519,5,17134.72,5,0.0,24.0,43.6
520,3,10387.13,5,0.0,27.0,59.9
521,4,14346.13,5,0.0,54.0,83.8
522,1,3805.64,5,0.0,39.0,97.7
523,4,14309.24,5,0.0,0.0,12.2
524,3,10037.93,5,0.0,57.0,98.3
525,5,17405.37,5,0.0,14.0,25.6
526,4,13841.44,5,0.0,6.0,38.6
527,5,17670.07,5,0.0,46.0,63.4
528,1,3634.26,5,0.0,30.0,75.3
529,5,17562.17,5,0.0,26.0,43.4
530,5,18486.29,5,0.0,15.0,26.9
531,2,6883.68,5,0.0,33.0,69.6
532,2,6836.87,5,0.0,16.0,48.9
533,2,6537.3,5,0.0,54.0,100.0
534,5,16884.86,5,0.0,13.0,19.7
535,3,10011.87,5,0.0,53.0,90.8
536,5,17212.53,5,0.0,34.0,55.6
537,3,11024.03,5,0.0,50.0,91.2
538,3,10515.67,5,0.0,43.0,74.3
539,2,7077.33,5,0.0,42.0,83.1
540,4,13961.49,5,0.0,19.0,39.4
541,1,3646.12,5,0.0,14.0,51.2
542,2,7560.83,5,0.0,13.0,51.9
543,2,6202.43,5,0.0,51.0,95.9
544,4,14487.33,5,0.0,49.0,84.3
545,1,2493.98,5,0.0,26.0,69.6
546,5,17511.28,5,0.0,8.0,25.0
547,5,18376.76,5,0.0,23.0,43.3
548,2,7272.26,5,0.0,37.0,78.8
549,1,3649.22,5,0.0,27.0,63.9
550,2,7800.78,5,0.0,47.0,87.6
551,3,10218.77,5,0.0,60.0,100.0
552,2,7173.59,5,0.0,11.0,49.2
553,2,7231.25,5,0.0,28.0,70.6
554,5,17291.04,5,0.0,26.0,40.6
555,5,17326.36,5,0.0,18.0,30.8
556,5,17282.49,5,0.0,12.0,14.9
557,3,10534.93,5,0.0,4.0,34.7
558,5,17718.68,5,0.0,53.0,79.3
559,1,3549.29,5,0.0,25.0,67.5
560,4,14283.78,5,0.0,30.0,52.9
561,1,2712.34,5,0.0,55.0,100.0
562,1,3412.7,5,0.0,47.0,100.0
563,5,17090.63,5,0.0,8.0,16.7
564,4,14120.69,5,0.0,34.0,63.4
565,4,14114.77,5,0.0,27.0,50.2
566,4,13953.75,5,0.0,48.0,62.7
567,3,10704.11,5,0.0,43.0,80.4
568,5,17899.13,5,0.0,41.0,64.7
569,4,13975.79,5,0.0,20.0,36.8
570,3,10079.32,5,0.0,48.0,86.0
571,2,6367.5,5,0.0,3.0,46.9
572,2,7014.44,5,0.0,10.0,46.1
573,3,10596.75,5,0.0,20.0,55.9
574,3,10112.19,5,0.0,5.0,29.3
575,5,17790.31,5,0.0,14.0,26.8
576,5,17316.42,5,0.0,50.0,68.7
577,2,6337.43,5,0.0,57.0,100.0
578,4,14502.57,5,0.0,18.0,39.2
579,2,7457.6,5,0.0,16.0,44.9
580,4,13193.76,5,0.0,17.0,36.5
581,4,13774.96,5,0.0,17.0,44.7
582,5,17259.37,5,0.0,2.0,7.8
583,1,4155.8,5,0.0,56.0,100.0
584,1,3460.28,5,0.0,13.0,57.7
585,3,9901.65,5,0.0,25.0,56.8
586,5,17852.84,5,0.0,1.0,12.6
587,4,13507.69,5,0.0,51.0,79.2
588,1,3395.86,5,0.0,44.0,95.0
589,4,13692.09,5,0.0,57.0,84.4
590,1,3275.82,5,0.0,47.0,91.9
591,1,3874.9,5,1.0,19.0,64.2
592,1,4108.53,5,0.0,15.0,63.5
593,5,16990.25,5,0.0,42.0,62.8
594,2,7250.43,5,0.0,22.0,51.5
595,4,13706.9,5,0.0,34.0,60.0
596,5,17219.33,5,0.0,0.0,6.0
597,5,17696.25,5,0.0,4.0,21.4
598,5,17088.84,5,0.0,32.0,50.2
599,5,17688.24,5,0.0,34.0,55.2
600,5,17792.05,5,0.0,45.0,64.2
601,3,10326.99,5,0.0,8.0,35.2
602,4,14530.83,5,0.0,31.0,62.4
603,5,16990.87,5,0.0,12.0,28.9
604,4,14538.16,5,0.0,6.0,25.3
605,3,9722.41,5,0.0,25.0,54.6
606,3,11579.89,5,0.0,10.0,29.2
607,4,13837.52,5,0.0,13.0,35.6
608,1,3035.08,5,0.0,19.0,64.2
609,2,6906.93,5,0.0,16.0,55.4
610,1,3081.41,5,0.0,5.0,52.6
611,1,3654.79,5,0.0,5.0,54.6
612,1,4047.06,5,0.0,12.0,57.6
613,5,17102.62,5,0.0,3.0,8.4
614,3,10731.76,5,0.0,38.0,60.4
615,1,2886.91,5,0.0,17.0,58.6
616,3,10913.18,5,0.0,17.0,52.8
617,4,14166.49,5,0.0,20.0,51.0
618,2,7430.47,5,0.0,40.0,80.5
619,4,13951.06,5,0.0,52.0,73.4
620,4,13825.94,5,0.0,46.0,69.4
621,5,17826.45,5,0.0,44.0,68.1
622,2,6476.78,5,0.0,29.0,65.9
623,4,13302.87,5,0.0,42.0,70.9
624,4,13998.02,5,0.0,33.0,58.6
625,2,6844.16,5,0.0,13.0,53.1
626,2,7221.53,5,0.0,13.0,58.1
627,4,14436.62,5,0.0,18.0,42.3
628,2,7213.21,5,0.0,55.0,100.0
629,4,14404.76,5,0.0,33.0,67.1
630,4,14128.42,5,0.0,44.0,72.6
631,5,17697.84,5,0.0,21.0,31.0
632,1,3453.34,5,0.0,24.0,74.8
633,4,14186.02,5,0.0,8.0,29.3
634,3,10566.66,5,0.0,10.0,36.8
635,1,3630.07,5,0.0,50.0,99.0
636,1,3433.31,5,0.0,35.0,82.6
637,1,3823.57,5,0.0,20.0,63.6
638,5,17215.82,5,0.0,48.0,66.5
639,4,13992.66,5,0.0,15.0,31.5
640,5,18024.71,5,0.0,59.0,82.2
641,4,13620.51,5,0.0,21.0,44.4
642,5,16635.26,5,0.0,20.0,36.0
643,5,17646.58,5,0.0,19.0,32.1
644,3,10397.22,5,0.0,7.0,33.9
645,5,17904.34,5,0.0,7.0,25.2
646,2,6947.79,5,0.0,39.0,81.0
647,3,10258.26,5,0.0,53.0,95.3
648,5,17469.67,5,0.0,47.0,61.9
649,1,3937.23,5,0.0,8.0,55.1
650,2,7230.15,5,0.0,33.0,69.6
651,2,6026.44,5,0.0,6.0,38.8
652,2,7074.31,5,0.0,3.0,35.2
653,3,10594.3,5,0.0,39.0,70.9
654,5,17492.7,5,0.0,32.0,46.2
655,5,17255.64,5,0.0,5.0,22.0
656,1,3977.81,5,0.0,2.0,44.7
657,1,3997.61,5,0.0,59.0,100.0
658,2,6118.74,5,0.0,2.0,33.9
659,1,3180.82,5,0.0,27.0,78.3
660,3,10442.11,5,0.0,30.0,64.1
661,5,17879.4,5,0.0,7.0,16.9
662,2,7013.94,5,0.0,10.0,38.3
663,1,3226.56,5,0.0,21.0,68.4
664,3,10783.81,5,0.0,46.0,83.7
665,3,10415.47,5,0.0,30.0,57.6
666,1,3453.04,5,0.0,38.0,86.5
667,5,17489.14,5,0.0,59.0,83.6
668,1,3729.72,5,0.0,46.0,89.4
669,2,6876.58,5,0.0,26.0,62.0
670,1,3774.78,5,0.0,27.0,76.0
671,3,10470.77,5,0.0,37.0,76.1
672,1,3073.19,5,0.0,40.0,100.0
673,5,17485.29,5,0.0,30.0,55.8
674,4,13593.91,5,0.0,39.0,65.1
675,1,3516.39,5,0.0,1.0,41.3
676,5,17831.79,5,0.0,26.0,45.5
677,5,17070.55,5,0.0,17.0,27.4
678,3,10645.71,5,0.0,8.0,31.5
679,5,17168.39,5,0.0,6.0,15.6
680,5,17580.68,5,0.0,36.0,51.3
681,5,17844.08,5,0.0,31.0,49.8
682,5,16648.19,5,0.0,15.0,25.2
683,2,6554.21,5,0.0,28.0,68.3
684,2,6852.41,5,0.0,30.0,77.4
685,3,10626.02,5,0.0,12.0,40.7
686,1,3433.45,5,0.0,39.0,96.5
687,5,17481.65,5,0.0,47.0,72.2
688,1,4317.19,5,0.0,47.0,100.0
689,1,3015.02,5,0.0,36.0,83.6
690,3,10954.19,5,0.0,31.0,68.0
691,5,17360.01,5,0.0,4.0,13.1
692,5,17719.79,5,0.0,17.0,30.7
693,4,14851.58,5,0.0,6.0,26.4
694,1,3775.47,5,0.0,58.0,100.0
695,1,3649.0,5,0.0,8.0,48.1
696,2,7639.65,5,0.0,9.0,37.3
697,4,14449.92,5,0.0,53.0,86.8
698,2,6680.24,5,0.0,57.0,100.0
699,2,7117.81,5,0.0,46.0,80.5
700,2,6313.0,5,0.0,0.0,30.7
701,3,10283.94,5,0.0,0.0,27.0
702,3,10625.62,5,0.0,23.0,55.4
703,2,6759.16,5,0.0,9.0,36.7
704,4,14109.35,5,0.0,1.0,18.9
705,1,3494.65,5,0.0,28.0,78.1
706,4,14214.57,5,0.0,57.0,84.1
707,5,17330.32,5,0.0,19.0,34.6
708,3,10123.94,5,0.0,40.0,71.2
709,1,4091.25,5,0.0,39.0,93.5
710,1,3301.72,5,0.0,15.0,56.1
711,5,17764.0,5,0.0,39.0,51.1
712,5,18074.1,5,0.0,13.0,25.4
713,2,7065.07,5,0.0,7.0,35.6
714,3,10157.48,5,0.0,42.0,66.0
715,3,10428.56,5,0.0,7.0,39.6
716,4,14407.02,5,0.0,60.0,84.9
717,2,7082.5,5,0.0,11.0,40.5
718,2,6517.94,5,0.0,36.0,72.7
719,2,7238.66,5,0.0,25.0,59.3
720,2,7307.81,5,0.0,8.0,42.4
721,3,10357.88,5,0.0,2.0,22.5
722,3,10744.1,5,0.0,37.0,73.3
723,2,7098.01,5,0.0,48.0,95.3
724,4,13921.03,5,0.0,51.0,72.3
725,1,2982.59,5,0.0,29.0,73.7
726,1,3931.18,5,0.0,47.0,95.4
727,4,14303.68,5,0.0,40.0,65.6
728,2,7233.55,5,0.0,43.0,91.6
729,3,11117.81,5,0.0,30.0,67.2
730,1,3878.08,5,0.0,38.0,100.0
731,5,17774.63,5,0.0,48.0,56.7
732,5,16614.71,5,0.0,24.0,34.0
733,4,14478.76,5,0.0,48.0,85.1
734,2,7033.23,5,0.0,36.0,67.6
735,1,3625.0,5,0.0,10.0,62.9
736,2,7127.73,5,0.0,1.0,36.5
737,1,3809.53,5,0.0,22.0,69.0
738,4,14448.87,5,0.0,33.0,51.0
739,4,14253.7,5,0.0,50.0,76.2
740,5,17690.11,5,0.0,8.0,27.9
741,2,7092.61,5,0.0,48.0,91.4
742,5,16159.36,5,0.0,52.0,69.9
743,2,6884.96,5,0.0,9.0,46.9
744,5,17123.36,5,0.0,51.0,70.4
745,3,10984.3,5,0.0,59.0,99.1
746,3,10747.61,5,0.0,44.0,74.1
747,3,10316.75,5,0.0,47.0,82.1
748,3,10356.91,5,0.0,60.0,94.4
749,1,3342.41,5,0.0,36.0,76.6
750,3,10335.27,5,0.0,18.0,50.6
751,4,13422.18,5,1.0,50.0,72.1
752,4,13335.49,5,0.0,37.0,61.4
753,1,3511.62,5,0.0,35.0,88.5
754,3,10930.13,5,0.0,15.0,36.8
755,3,10284.92,5,0.0,45.0,83.5
756,3,10621.38,5,0.0,5.0,30.4
757,5,17793.7,5,0.0,55.0,71.7
758,2,6602.65,5,0.0,20.0,67.6
759,5,17492.01,5,0.0,8.0,19.2
760,2,6733.39,5,0.0,27.0,63.0
761,3,11142.45,5,0.0,3.0,25.2
762,3,11124.98,5,0.0,41.0,79.7
763,5,17103.06,5,0.0,54.0,71.9
764,5,17654.35,5,0.0,50.0,74.1
765,2,7427.04,5,0.0,8.0,43.2
766,4,14339.33,5,0.0,8.0,32.7
767,2,7032.63,5,0.0,49.0,87.4
768,5,18022.62,5,0.0,55.0,72.0
769,5,17138.19,5,0.0,28.0,41.8
770,1,3378.76,5,0.0,30.0,76.9
771,5,17148.94,5,0.0,19.0,31.1
772,1,3813.0,5,0.0,54.0,100.0
773,4,13766.95,5,0.0,39.0,74.7
774,2,6931.5,5,0.0,17.0,56.2
775,2,7247.07,5,0.0,18.0,57.6
776,1,3779.3,5,0.0,53.0,100.0
777,2,6637.15,5,0.0,1.0,29.7
778,5,17922.66,5,0.0,19.0,32.3
779,3,10682.28,5,0.0,33.0,69.8
780,1,3067.32,5,0.0,9.0,59.2
781,2,6468.91,5,0.0,6.0,45.6
782,1,3493.67,5,0.0,49.0,93.2
783,1,3840.04,5,0.0,54.0,100.0
784,3,10850.29,5,0.0,49.0,78.0
785,5,17642.47,5,0.0,54.0,80.6
786,1,3519.47,5,0.0,33.0,79.8
787,2,7204.7,5,0.0,49.0,92.2
788,4,13657.87,5,0.0,23.0,48.1
789,1,4174.8,5,0.0,40.0,100.0
790,1,4169.58,5,0.0,59.0,100.0
791,3,10671.52,5,0.0,14.0,41.1
792,5,17578.92,5,0.0,23.0,31.9
793,4,13835.43,5,0.0,29.0,59.9
794,2,7211.5,5,0.0,8.0,43.0
795,4,13723.47,5,0.0,5.0,32.1
796,2,6110.56,5,0.0,50.0,99.3
797,5,16414.36,5,0.0,59.0,78.0
798,2,6680.2,5,0.0,24.0,56.2
799,3,10562.55,5,0.0,5.0,33.7
800,3,10632.79,5,0.0,4.0,27.7
801,3,10305.3,5,0.0,53.0,90.4
802,3,10556.73,5,0.0,28.0,64.6
803,4,13890.31,5,0.0,19.0,32.8
804,5,17100.27,5,0.0,29.0,45.6
805,2,6978.5,5,0.0,19.0,60.7
806,2,7325.18,5,0.0,29.0,73.3
807,3,10118.38,5,0.0,52.0,81.1
808,3,10118.56,5,0.0,36.0,70.7
809,1,3072.3,5,0.0,42.0,98.0
810,5,16725.39,5,0.0,22.0,38.0
811,4,13807.92,5,0.0,44.0,70.6
812,2,7285.63,5,0.0,40.0,87.7
813,1,3569.57,5,0.0,7.0,47.1
814,1,3432.3,5,0.0,34.0,75.6
815,2,7051.63,5,0.0,15.0,51.5
816,4,13804.41,5,0.0,48.0,78.6
817,1,2720.85,5,0.0,26.0,77.9
818,1,3813.49,5,0.0,60.0,100.0
819,5,17928.45,5,0.0,6.0,20.8
820,4,13708.74,5,0.0,47.0,79.4
821,1,3439.67,5,0.0,40.0,88.8
822,4,13905.2,5,0.0,46.0,72.5
823,2,7140.52,5,0.0,18.0,62.6
824,3,11175.96,5,0.0,30.0,55.4
825,1,3963.92,5,0.0,48.0,100.0
826,5,17349.23,5,0.0,14.0,23.2
827,2,7216.99,5,0.0,14.0,55.8
828,4,14501.74,5,0.0,33.0,57.6
829,2,7163.34,5,0.0,31.0,71.7
830,1,3498.12,5,0.0,17.0,71.0
831,4,14178.4,5,0.0,18.0,34.1
832,3,10218.69,5,0.0,17.0,47.1
833,2,6777.09,5,0.0,46.0,88.6
834,1,3074.39,5,0.0,39.0,91.6
835,5,17622.83,5,0.0,50.0,79.6
836,4,13947.44,5,0.0,59.0,85.2
837,2,6670.75,5,0.0,28.0,62.2
838,2,6934.33,5,0.0,4.0,34.8
839,3,10688.0,5,0.0,3.0,28.3
840,3,11265.88,5,0.0,18.0,47.6
841,5,17904.83,5,0.0,56.0,77.7
842,5,16586.34,5,0.0,31.0,56.7
843,1,3595.72,5,0.0,16.0,69.7
844,1,4071.73,5,0.0,24.0,77.3
845,5,16964.85,5,0.0,36.0,65.7
846,5,17720.62,5,0.0,39.0,61.1
847,4,13905.34,5,0.0,9.0,34.6
848,3,10960.12,5,0.0,59.0,100.0
849,1,3661.7,5,0.0,33.0,84.4
850,3,10146.39,5,0.0,8.0,37.7
851,3,10419.66,5,0.0,54.0,88.4
852,5,17443.32,5,0.0,4.0,9.1
853,4,13950.73,5,0.0,54.0,82.7
854,2,7447.71,5,0.0,60.0,100.0
855,4,13662.95,5,0.0,42.0,68.8
856,4,14401.22,5,0.0,46.0,68.1
857,3,10379.1,5,0.0,20.0,49.5
858,4,14089.4,5,0.0,56.0,84.7
859,1,3528.95,5,0.0,32.0,79.8
860,3,10491.28,5,0.0,44.0,81.2
861,1,3494.56,5,0.0,55.0,100.0
862,2,7582.94,5,0.0,59.0,100.0
863,3,10836.98,5,0.0,50.0,90.9
864,2,6854.91,5,0.0,18.0,61.5
865,3,11133.11,5,0.0,58.0,97.2
866,5,17609.87,5,0.0,38.0,58.5
867,4,14143.05,5,0.0,56.0,89.9
868,5,17165.07,5,0.0,41.0,53.2
869,2,6801.0,5,0.0,18.0,61.4
870,4,13724.6,5,0.0,22.0,40.7
871,3,10534.43,5,0.0,33.0,62.2
872,4,14255.51,5,0.0,47.0,75.9
873,1,3646.89,5,0.0,19.0,54.2
874,4,14635.22,5,0.0,35.0,60.6
875,1,3144.9,5,0.0,21.0,71.8
876,4,14045.95,5,0.0,49.0,68.5
877,1,2986.82,5,0.0,28.0,81.0
878,2,6631.25,5,0.0,5.0,36.0
879,5,18005.83,5,0.0,10.0,23.0
880,3,10314.73,5,0.0,4.0,27.6
881,4,13678.65,5,0.0,30.0,56.8
882,5,16648.01,5,0.0,6.0,22.8
883,3,10174.66,5,0.0,7.0,37.5
884,3,10417.89,5,0.0,56.0,93.7
885,1,2957.04,5,0.0,52.0,100.0
886,2,6894.89,5,0.0,27.0,66.2
887,2,7508.25,5,0.0,59.0,100.0
888,5,17217.08,5,0.0,0.0,13.5
889,2,6622.65,5,0.0,37.0,81.0
890,4,13550.44,5,0.0,37.0,56.0
891,2,6543.29,5,0.0,27.0,66.8
892,5,17714.23,5,0.0,24.0,35.4
893,2,7019.47,5,0.0,27.0,70.1
894,4,14382.74,5,0.0,25.0,44.1
895,1,4307.94,5,0.0,44.0,96.9
896,5,16767.84,5,0.0,8.0,18.3
897,1,3652.03,5,0.0,12.0,46.8
898,1,3052.55,5,0.0,11.0,59.7
899,1,3815.56,5,0.0,16.0,60.8
900,3,10391.24,5,0.0,32.0,70.2
901,3,10510.93,5,0.0,7.0,25.7
902,1,2986.73,5,0.0,52.0,100.0
903,5,17329.43,5,0.0,18.0,30.3
904,4,14035.86,5,0.0,10.0,31.1
905,4,14542.43,5,0.0,41.0,60.0
906,2,6682.18,5,0.0,2.0,39.5
907,5,17279.72,5,0.0,37.0,64.2
908,3,10877.72,5,0.0,42.0,78.6
909,1,3156.26,5,0.0,13.0,57.9
910,2,7456.95,5,0.0,3.0,30.1
911,4,13996.37,5,0.0,22.0,40.3
912,3,10621.25,5,0.0,6.0,32.8
913,3,10647.01,5,0.0,7.0,31.7
914,1,3253.51,5,0.0,15.0,65.4
915,4,14155.95,5,0.0,18.0,41.9
916,5,17191.05,5,0.0,32.0,61.6
917,3,10299.16,5,0.0,41.0,69.9
918,1,3723.48,5,0.0,36.0,84.8
919,5,17617.36,5,0.0,9.0,13.8
920,4,13970.01,5,0.0,10.0,19.3
921,3,9996.51,5,0.0,53.0,92.9
922,5,17096.34,5,0.0,34.0,52.7
923,5,17610.68,5,0.0,52.0,68.4
924,5,17792.86,5,0.0,22.0,37.2
925,3,10056.14,5,0.0,37.0,67.1
926,3,10164.07,5,0.0,31.0,61.2
927,2,7053.67,5,0.0,19.0,55.4
928,4,14045.12,5,0.0,28.0,47.4
929,1,2850.42,5,0.0,30.0,74.6
930,5,17564.63,5,0.0,12.0,21.0
931,2,6760.65,5,1.0,19.0,58.8
932,1,4156.42,5,0.0,47.0,85.1
933,2,7099.68,5,0.0,55.0,98.8
934,3,10668.59,5,0.0,22.0,46.5
935,5,17678.94,5,0.0,18.0,26.8
936,1,3014.43,5,0.0,12.0,53.4
937,1,4277.55,5,0.0,41.0,90.8
938,1,2850.84,5,0.0,19.0,64.2
939,1,3818.28,5,0.0,59.0,100.0
940,1,3747.47,5,0.0,20.0,69.1
941,2,6809.2,5,0.0,24.0,57.9
942,5,17766.58,5,0.0,36.0,49.8
943,3,10372.97,5,0.0,48.0,85.1
944,3,10229.82,5,0.0,28.0,61.4
945,3,10687.82,5,0.0,25.0,53.4
946,3,10097.38,5,0.0,60.0,83.0
947,2,6910.3,5,0.0,1.0,30.3
948,4,13762.33,5,0.0,54.0,83.3
949,5,17365.61,5,0.0,9.0,24.2
950,1,3673.09,5,0.0,47.0,98.2
951,4,13762.25,5,0.0,37.0,60.1
952,3,10423.07,5,0.0,21.0,62.1
953,4,13798.74,5,0.0,52.0,79.1
954,5,18077.6,5,0.0,1.0,14.0
955,1,3637.04,5,0.0,14.0,51.6
956,1,3588.03,5,0.0,34.0,77.4
957,5,17773.37,5,0.0,21.0,38.5
958,5,17262.35,5,0.0,37.0,59.2
959,3,10843.7,5,0.0,1.0,25.8
960,1,3638.47,5,0.0,7.0,41.1
961,4,13375.64,5,0.0,8.0,26.3
962,2,6428.79,5,0.0,11.0,48.6
963,2,6771.08,5,0.0,28.0,67.6
964,5,16971.6,5,0.0,45.0,61.3
965,3,10404.69,5,0.0,54.0,90.4
966,2,6594.5,5,0.0,50.0,90.4
967,1,3460.91,5,0.0,12.0,50.6
968,5,18064.68,5,0.0,26.0,45.5
969,4,13980.25,5,0.0,12.0,32.8
970,5,17378.81,5,0.0,16.0,28.3
971,4,14155.3,5,0.0,30.0,51.7
972,5,17221.43,5,0.0,4.0,14.0
973,5,17837.37,5,0.0,13.0,26.5
974,5,17698.09,5,0.0,56.0,86.0
975,4,14015.55,5,0.0,28.0,54.8
976,4,14061.73,5,0.0,27.0,46.7
977,5,18316.7,5,0.0,1.0,7.8
978,2,7376.92,5,0.0,15.0,47.8
979,3,11379.81,5,0.0,52.0,87.4
980,3,10712.81,5,0.0,10.0,33.8
981,3,9911.32,5,0.0,25.0,58.3
982,4,13895.13,5,0.0,1.0,5.8
983,4,13319.92,5,0.0,29.0,55.1
984,2,7211.32,5,0.0,1.0,36.9
985,3,10798.16,5,0.0,49.0,91.3
986,3,10145.63,5,0.0,49.0,89.8
987,5,17237.75,5,0.0,47.0,63.3
988,4,14059.5,5,0.0,17.0,42.2
989,3,10020.76,5,0.0,50.0,85.4
990,2,6490.74,5,0.0,33.0,63.4
991,2,7495.45,5,0.0,22.0,61.7
992,3,10545.88,5,0.0,38.0,67.9
993,4,13776.76,5,0.0,1.0,18.9
994,2,6323.15,5,0.0,9.0,52.6
995,5,17840.94,5,0.0,45.0,64.6
996,2,6726.19,5,0.0,15.0,46.5
997,1,4244.27,5,0.0,36.0,89.9
998,1,3843.72,5,0.0,23.0,71.5
999,4,13676.74,5,0.0,51.0,73.9
1000,3,10213.81,5,0.0,57.0,86.5
1001,4,14688.74,5,0.0,53.0,76.7
1002,4,13966.3,5,0.0,16.0,41.7
1003,4,13794.68,5,0.0,12.0,30.5
1004,4,14011.09,5,0.0,28.0,52.6
1005,5,17292.83,5,0.0,0.0,3.8
1006,5,17596.42,5,0.0,2.0,16.2
1007,2,6969.67,5,0.0,33.0,63.8
1008,1,3850.2,5,0.0,31.0,76.2
1009,4,13844.57,5,0.0,60.0,91.7
1010,2,6646.07,5,0.0,12.0,42.9
1011,1,3360.41,5,0.0,15.0,63.7
1012,3,10357.97,5,0.0,7.0,29.8
1013,5,17468.99,5,0.0,55.0,69.9
1014,1,3753.82,5,0.0,47.0,100.0
1015,3,10731.96,5,0.0,49.0,86.0
1016,1,3979.86,5,0.0,54.0,100.0
1017,5,17175.4,5,0.0,31.0,52.9
1018,5,17655.49,5,0.0,27.0,29.4
1019,2,7290.93,5,0.0,20.0,61.0
1020,4,13730.31,5,0.0,35.0,56.6
1021,1,3416.95,5,0.0,27.0,71.6
1022,1,2800.01,5,0.0,27.0,76.7
1023,3,10862.74,5,0.0,56.0,91.6
1024,5,17413.8,5,0.0,59.0,83.8
1025,1,3822.63,5,0.0,48.0,99.1
1026,5,17582.42,5,0.0,45.0,65.3
1027,1,3425.93,5,0.0,41.0,88.5
1028,2,6362.88,5,0.0,10.0,40.6
1029,4,13434.02,5,0.0,4.0,18.6
1030,1,2462.74,5,0.0,41.0,91.2
1031,5,17274.95,5,0.0,44.0,71.7
1032,2,7911.3,5,0.0,3.0,44.7
1033,1,2984.82,5,0.0,56.0,100.0
1034,3,9447.43,5,0.0,5.0,32.9
1035,4,14385.07,5,0.0,17.0,37.1
1036,1,4445.49,5,0.0,40.0,91.1
1037,2,7119.17,5,0.0,10.0,47.5
1038,3,10615.49,5,0.0,3.0,32.6
1039,2,6876.05,5,0.0,20.0,43.3
1040,2,6282.3,5,0.0,46.0,91.0
1041,3,9919.72,5,0.0,25.0,53.8
1042,2,6873.3,5,0.0,39.0,77.5
1043,3,10296.62,5,0.0,35.0,71.7
1044,1,3453.93,5,0.0,1.0,50.9
1045,3,10831.73,5,0.0,59.0,100.0
1046,3,10267.26,5,0.0,2.0,26.4
1047,4,14339.89,5,0.0,58.0,82.3
1048,3,10269.88,5,0.0,33.0,50.6
1049,3,10915.3,5,0.0,58.0,96.3
1050,1,3534.55,5,0.0,7.0,53.2
1051,4,13825.67,5,0.0,29.0,52.8
1052,5,17527.72,5,0.0,10.0,26.9
1053,1,3382.58,5,0.0,3.0,39.1
1054,1,3545.25,5,0.0,37.0,85.6
1055,5,17803.24,5,0.0,12.0,23.7
1056,3,10465.11,5,0.0,35.0,67.8
1057,2,6852.17,5,0.0,7.0,47.9
1058,4,13550.59,5,0.0,20.0,41.4
1059,2,7231.67,5,0.0,47.0,88.8
1060,5,17639.31,5,0.0,26.0,36.8
1061,1,3027.22,5,0.0,38.0,93.8
1062,1,3834.2,5,0.0,39.0,81.5
1063,4,13520.73,5,0.0,51.0,76.0
1064,1,3911.69,5,0.0,19.0,73.9
1065,1,3775.15,5,0.0,41.0,93.8
1066,4,14167.87,5,0.0,58.0,87.1
1067,4,13849.2,5,0.0,44.0,70.7
1068,5,17730.31,5,0.0,29.0,40.5
1069,1,3930.55,5,0.0,38.0,87.1
1070,1,3736.94,5,0.0,44.0,93.5
1071,5,17231.9,5,0.0,37.0,55.0
1072,3,10606.96,5,0.0,1.0,19.7
1073,3,10952.81,5,0.0,12.0,42.0
1074,3,11379.64,5,0.0,49.0,89.4
1075,5,17417.91,5,0.0,16.0,28.6
1076,1,3843.15,5,0.0,44.0,97.9
1077,5,17953.79,5,0.0,22.0,38.3
1078,5,17175.04,5,0.0,31.0,44.5
1079,3,11212.83,5,0.0,4.0,25.6
1080,2,6573.93,5,0.0,11.0,42.5
1081,1,3823.59,5,0.0,57.0,100.0
1082,3,10622.13,5,0.0,53.0,89.8
1083,2,7022.23,5,0.0,39.0,87.3
1084,2,8018.73,5,0.0,28.0,71.0
1085,4,13879.5,5,0.0,41.0,70.6
1086,1,3373.06,5,0.0,37.0,87.9
1087,2,7532.59,5,0.0,34.0,70.1
1088,3,10804.72,5,0.0,4.0,31.9
1089,4,14512.84,5,0.0,38.0,63.9
1090,1,3546.75,5,0.0,46.0,91.7
1091,5,17626.78,5,0.0,60.0,87.6
1092,3,11260.37,5,0.0,1.0,32.3
1093,2,6665.62,5,0.0,44.0,80.9
1094,2,6958.85,5,0.0,34.0,72.0
1095,3,10819.3,5,0.0,26.0,54.5
1096,2,6921.66,5,0.0,8.0,46.2
1097,4,13771.94,5,0.0,25.0,49.9
1098,1,3747.39,5,0.0,21.0,67.7
1099,4,14534.32,5,0.0,18.0,41.2
1100,2,6943.67,5,0.0,44.0,80.2
1101,5,17432.56,5,0.0,42.0,62.4
1102,1,3240.92,5,0.0,35.0,83.9
1103,1,3381.61,5,0.0,56.0,100.0
1104,3,10933.44,5,0.0,21.0,43.5
1105,3,10532.43,5,0.0,15.0,43.7
1106,5,17178.0,5,0.0,39.0,59.0
1107,1,3604.94,5,0.0,12.0,47.8
1108,5,17920.48,5,0.0,19.0,32.8
1109,3,10275.25,5,0.0,13.0,42.8
1110,3,9968.56,5,0.0,4.0,28.2
1111,1,4376.33,5,0.0,50.0,100.0
1112,4,13448.59,5,0.0,15.0,35.7
1113,2,6856.39,5,0.0,28.0,69.5
1114,3,10592.85,5,0.0,3.0,31.8
1115,3,10391.03,5,0.0,42.0,79.0
1116,4,13970.04,5,0.0,20.0,46.9
1117,4,14230.74,5,0.0,45.0,73.3
1118,5,16543.31,5,0.0,25.0,37.3
1119,5,16993.24,5,0.0,12.0,20.9
1120,2,7017.7,5,0.0,31.0,65.6
1121,2,6838.31,5,0.0,8.0,44.2
1122,1,3551.76,5,0.0,26.0,80.3
1123,5,17591.06,5,0.0,19.0,31.1
1124,3,9653.63,5,0.0,55.0,93.9
1125,5,18009.46,5,0.0,4.0,10.6
1126,3,10300.69,5,0.0,42.0,76.9
1127,4,13653.79,5,0.0,11.0,37.5
1128,5,17583.34,5,0.0,19.0,36.4
1129,4,14042.86,5,0.0,25.0,40.1
1130,2,7478.68,5,0.0,54.0,100.0
1131,2,7108.75,5,0.0,15.0,54.5
1132,1,3963.24,5,0.0,5.0,49.4
1133,5,17124.73,5,0.0,19.0,36.3
1134,4,14056.74,5,0.0,6.0,21.4
1135,3,10054.1,5,0.0,8.0,35.6
1136,2,7039.07,5,0.0,34.0,80.9
1137,2,6954.28,5,0.0,4.0,43.5
1138,3,10437.08,5,0.0,2.0,31.0
1139,4,13940.59,5,0.0,43.0,65.0
1140,4,14294.56,5,0.0,22.0,38.8
1141,5,16857.06,5,0.0,8.0,19.6
1142,5,17140.08,5,0.0,15.0,29.2
1143,1,3483.77,5,0.0,39.0,87.7
1144,2,6528.53,5,0.0,17.0,49.8
1145,5,17518.45,5,0.0,30.0,47.8
1146,4,13979.66,5,0.0,7.0,27.3
1147,3,9938.5,5,0.0,35.0,69.8
1148,4,13418.73,5,0.0,19.0,43.7
1149,2,5950.48,5,0.0,38.0,77.8
1150,4,13511.73,5,0.0,49.0,73.8
1151,1,3505.73,5,0.0,37.0,91.6
1152,2,7062.48,5,0.0,18.0,51.5
1153,3,10580.76,5,0.0,15.0,42.1
1154,1,3188.83,5,0.0,20.0,71.7
1155,2,6992.68,5,0.0,10.0,43.1
1156,3,10658.9,5,0.0,11.0,38.6
1157,1,2992.79,5,0.0,47.0,96.9
1158,1,3549.33,5,0.0,23.0,60.8
1159,2,7262.59,5,0.0,26.0,64.8
1160,5,17303.69,5,0.0,36.0,47.7
1161,1,3924.89,5,0.0,35.0,85.7
1162,1,3313.03,5,0.0,4.0,52.4
1163,3,10155.98,5,0.0,50.0,74.8
1164,4,14222.74,5,0.0,11.0,28.7
1165,2,7813.32,5,0.0,43.0,88.3
1166,2,7034.14,5,0.0,46.0,78.7
1167,5,17753.96,5,0.0,43.0,68.2
1168,5,17296.51,5,0.0,35.0,53.6
1169,2,6503.35,5,0.0,1.0,40.5
1170,5,17566.51,5,0.0,22.0,33.1
1171,3,10629.76,5,0.0,36.0,67.3
1172,2,6856.84,5,0.0,23.0,61.1
1173,5,17752.42,5,0.0,52.0,82.9
1174,2,6738.37,5,0.0,19.0,62.8
1175,4,13639.17,5,0.0,18.0,39.8
1176,1,3924.26,5,0.0,16.0,62.4
1177,2,7426.14,5,0.0,20.0,61.1
1178,1,3246.26,5,0.0,33.0,94.1
1179,5,18187.54,5,0.0,42.0,62.8
1180,1,3385.16,5,0.0,40.0,89.9
1181,2,7033.91,5,0.0,48.0,90.5
1182,4,13966.14,5,0.0,53.0,83.0
1183,5,17709.5,5,0.0,49.0,65.8
1184,2,7108.57,5,0.0,1.0,37.8
1185,5,17603.18,5,0.0,44.0,55.8
1186,3,10092.18,5,0.0,13.0,39.7
1187,1,2824.58,5,0.0,8.0,55.2
1188,3,10956.86,5,0.0,38.0,73.8
1189,2,6781.82,5,0.0,19.0,54.7
1190,4,13980.39,5,0.0,3.0,21.0
1191,5,17630.72,5,0.0,8.0,25.1
1192,1,4151.6,5,0.0,0.0,36.0
1193,5,17564.54,5,0.0,54.0,69.0
1194,2,6842.08,5,0.0,1.0,31.1
1195,5,17290.58,5,0.0,13.0,25.0
1196,1,3485.06,5,0.0,25.0,65.2
1197,2,6636.25,5,0.0,21.0,64.4
1198,5,17511.55,5,0.0,55.0,71.0
1199,4,13979.19,5,0.0,2.0,22.0
1200,2,7656.61,5,0.0,31.0,68.0
