ID_Funcionario,Horas_Treinamento_Ano,Projetos_Entregues,Tempo_Empresa_Anos,Direito_Home_Office,Processos_Disciplinares,Nota_Desempenho_Final
10001,76.0,12.0,2.3,1.0,0.0,64.8
10002,76.0,12.0,7.5,1.0,0.0,80.1
10003,44.0,7.0,5.7,1.0,0.0,59.9
10004,19.0,3.0,1.2,1.0,0.0,40.1
10005,55.0,8.0,3.6,1.0,0.0,60.4
10006,43.0,7.0,9.1,1.0,0.0,61.4
10007,73.0,9.0,0.5,1.0,0.0,71.4
10008,35.0,7.0,3.9,1.0,0.0,52.4
10009,35.0,6.0,8.2,1.0,1.0,51.3
10010,46.0,7.0,2.8,1.0,0.0,53.6
10011,29.0,4.0,3.3,1.0,0.0,48.1
10012,54.0,8.0,4.8,1.0,0.0,57.6
10013,101.0,16.0,8.7,1.0,0.0,86.8
10014,104.0,16.0,3.4,1.0,0.0,80.2
10015,22.0,5.0,3.9,1.0,0.0,45.4
10016,46.0,9.0,3.9,1.0,0.0,56.7
10017,77.0,13.0,10.5,1.0,0.0,85.7
10018,35.0,4.0,10.5,1.0,0.0,57.7
10019,111.0,16.0,7.5,1.0,0.0,93.6
10020,88.0,14.0,6.0,1.0,1.0,79.1
10021,34.0,7.0,6.8,1.0,0.0,56.3
10022,22.0,3.0,8.7,1.0,0.0,56.4
10023,18.0,3.0,2.7,1.0,0.0,46.3
10024,31.0,6.0,7.9,1.0,0.0,56.3
10025,54.0,8.0,1.9,1.0,0.0,61.3
10026,93.0,13.0,3.4,1.0,0.0,78.8
10027,26.0,6.0,7.3,1.0,0.0,56.5
10028,14.0,1.0,1.4,1.0,0.0,46.1
10029,108.0,15.0,4.6,1.0,0.0,78.4
10030,47.0,7.0,2.8,1.0,0.0,50.3
10031,46.0,7.0,4.4,1.0,0.0,62.6
10032,68.0,9.0,0.5,1.0,0.0,65.0
10033,56.0,10.0,0.6,1.0,0.0,68.2
10034,42.0,7.0,3.3,1.0,0.0,63.3
10035,89.0,14.0,7.3,1.0,0.0,82.8
10036,97.0,15.0,4.6,1.0,0.0,82.5
10037,101.0,15.0,5.0,1.0,0.0,85.4
10038,95.0,16.0,6.7,1.0,0.0,79.6
10039,86.0,12.0,2.8,1.0,0.0,80.7
10040,31.0,4.0,5.7,1.0,0.0,56.1
10041,90.0,14.0,3.0,1.0,0.0,82.7
10042,40.0,7.0,0.7,1.0,0.0,39.7
10043,89.0,14.0,4.0,1.0,0.0,71.0
10044,21.0,2.0,6.4,1.0,0.0,46.7
10045,57.0,7.0,5.8,1.0,0.0,57.4
10046,53.0,7.0,5.0,1.0,0.0,67.3
10047,14.0,3.0,11.0,1.0,0.0,49.6
10048,107.0,17.0,6.0,1.0,0.0,85.9
10049,84.0,13.0,7.4,1.0,0.0,80.5
10050,96.0,15.0,10.6,1.0,0.0,85.8
10051,83.0,11.0,1.8,1.0,0.0,68.9
10052,48.0,7.0,2.4,1.0,0.0,64.1
10053,66.0,8.0,9.4,1.0,0.0,74.9
10054,24.0,4.0,3.0,1.0,0.0,51.0
10055,28.0,4.0,5.1,1.0,0.0,50.8
10056,46.0,7.0,7.7,1.0,0.0,64.4
10057,81.0,12.0,7.2,1.0,0.0,80.0
10058,76.0,11.0,9.4,1.0,0.0,71.7
10059,95.0,13.0,8.7,1.0,0.0,77.8
10060,69.0,10.0,7.7,1.0,0.0,73.0
10061,84.0,13.0,3.1,1.0,0.0,73.9
10062,15.0,2.0,7.0,1.0,0.0,48.1
10063,113.0,17.0,5.8,1.0,0.0,86.9
10064,103.0,16.0,1.7,1.0,0.0,78.5
10065,113.0,17.0,8.5,1.0,0.0,96.4
10066,29.0,4.0,7.0,1.0,0.0,56.2
10067,26.0,3.0,5.1,1.0,0.0,54.0
10068,69.0,9.0,4.4,1.0,0.0,64.2
10069,102.0,15.0,2.0,1.0,0.0,82.3
10070,91.0,15.0,5.5,1.0,0.0,77.4
10071,38.0,7.0,6.2,1.0,0.0,59.5
10072,62.0,9.0,2.9,1.0,0.0,57.3
10073,36.0,4.0,7.9,1.0,0.0,52.7
10074,72.0,9.0,2.3,1.0,0.0,70.4
10075,72.0,10.0,0.5,1.0,0.0,64.7
10076,19.0,3.0,7.6,1.0,0.0,58.6
10077,80.0,11.0,4.0,1.0,0.0,75.2
10078,21.0,4.0,4.7,1.0,0.0,44.4
10079,13.0,2.0,2.9,1.0,0.0,46.1
10080,104.0,17.0,1.0,1.0,0.0,79.3
10081,37.0,5.0,8.1,1.0,0.0,63.1
10082,61.0,10.0,3.3,1.0,0.0,63.2
10083,113.0,16.0,9.2,1.0,0.0,90.9
10084,79.0,13.0,7.0,1.0,0.0,77.8
10085,51.0,9.0,4.2,1.0,0.0,67.2
10086,104.0,17.0,2.3,1.0,0.0,82.5
10087,34.0,5.0,3.2,1.0,0.0,51.0
10088,64.0,9.0,2.0,1.0,0.0,66.6
10089,72.0,11.0,10.2,1.0,0.0,76.6
10090,74.0,13.0,5.4,1.0,0.0,72.9
10091,12.0,1.0,7.9,1.0,0.0,44.9
10092,51.0,6.0,1.8,1.0,0.0,66.1
10093,67.0,8.0,5.5,1.0,0.0,69.5
10094,60.0,9.0,7.9,1.0,0.0,70.6
10095,100.0,13.0,4.2,1.0,0.0,87.8
10096,90.0,15.0,7.6,1.0,0.0,79.1
10097,113.0,19.0,2.3,1.0,0.0,81.8
10098,35.0,5.0,1.6,1.0,0.0,50.9
10099,27.0,6.0,5.9,1.0,0.0,54.9
10100,32.0,5.0,4.1,1.0,0.0,56.6
10101,82.0,12.0,6.6,1.0,0.0,66.9
10102,38.0,5.0,0.5,1.0,0.0,45.0
10103,83.0,14.0,6.8,1.0,0.0,75.7
10104,85.0,14.0,11.5,1.0,0.0,78.9
10105,19.0,1.0,4.9,1.0,0.0,39.3
10106,91.0,12.0,5.1,1.0,0.0,74.8
10107,45.0,5.0,5.4,1.0,0.0,47.4
10108,34.0,5.0,0.5,1.0,0.0,50.9
10109,38.0,4.0,6.1,1.0,0.0,56.8
10110,109.0,16.0,1.0,1.0,0.0,82.0
10111,77.0,11.0,3.9,1.0,0.0,67.3
10112,81.0,11.0,8.1,1.0,0.0,77.9
10113,34.0,7.0,3.2,1.0,0.0,55.3
10114,50.0,9.0,6.3,1.0,0.0,63.7
10115,99.0,17.0,7.5,1.0,0.0,91.6
10116,47.0,9.0,5.7,1.0,0.0,64.8
10117,99.0,15.0,1.6,1.0,0.0,65.7
10118,32.0,5.0,4.2,1.0,0.0,55.6
10119,91.0,13.0,9.9,1.0,0.0,88.8
10120,23.0,4.0,0.5,1.0,0.0,46.1
10121,100.0,14.0,4.3,1.0,0.0,80.2
10122,84.0,11.0,3.6,1.0,0.0,75.5
10123,115.0,17.0,5.3,1.0,0.0,87.7
10124,13.0,3.0,6.9,1.0,0.0,49.1
10125,25.0,4.0,9.0,1.0,0.0,57.8
10126,13.0,3.0,4.3,1.0,0.0,45.3
10127,12.0,2.0,7.0,1.0,0.0,40.2
10128,103.0,15.0,6.2,1.0,0.0,89.6
10129,79.0,12.0,6.2,1.0,0.0,74.3
10130,81.0,12.0,3.6,1.0,0.0,76.9
10131,51.0,9.0,2.5,1.0,0.0,59.0
10132,16.0,4.0,2.2,1.0,0.0,48.4
10133,57.0,8.0,3.1,1.0,0.0,59.9
10134,27.0,4.0,5.8,1.0,0.0,50.0
10135,113.0,16.0,6.9,1.0,0.0,90.1
10136,107.0,15.0,5.8,1.0,0.0,89.1
10137,43.0,6.0,3.6,1.0,0.0,54.7
10138,12.0,2.0,9.5,1.0,0.0,50.5
10139,12.0,1.0,8.8,1.0,0.0,51.1
10140,68.0,12.0,4.1,1.0,0.0,71.0
10141,101.0,16.0,2.9,1.0,0.0,76.0
10142,48.0,7.0,5.3,1.0,0.0,64.9
10143,82.0,13.0,8.2,1.0,0.0,75.7
10144,104.0,15.0,5.8,1.0,0.0,86.4
10145,80.0,11.0,6.4,1.0,0.0,78.5
10146,11.0,3.0,4.5,1.0,0.0,41.8
10147,71.0,9.0,6.1,1.0,0.0,66.3
10148,29.0,4.0,8.9,1.0,0.0,55.2
10149,98.0,14.0,4.4,1.0,0.0,83.4
10150,55.0,8.0,5.4,1.0,0.0,58.7
10151,58.0,10.0,5.6,1.0,0.0,61.6
10152,43.0,7.0,5.7,1.0,0.0,60.0
10153,35.0,6.0,1.5,1.0,0.0,48.7
10154,28.0,4.0,0.5,1.0,0.0,42.0
10155,55.0,9.0,2.5,1.0,0.0,58.1
10156,69.0,8.0,5.4,1.0,0.0,77.0
10157,109.0,16.0,6.4,1.0,0.0,89.8
10158,54.0,8.0,3.7,1.0,0.0,60.5
10159,45.0,6.0,8.4,1.0,0.0,67.7
10160,100.0,15.0,4.6,1.0,0.0,79.3
10161,87.0,15.0,5.1,1.0,0.0,77.3
10162,23.0,4.0,4.5,1.0,0.0,39.2
10163,88.0,14.0,5.3,1.0,0.0,78.0
10164,115.0,17.0,6.8,1.0,0.0,92.3
10165,65.0,9.0,6.7,1.0,0.0,64.2
10166,64.0,8.0,2.8,1.0,0.0,60.3
10167,90.0,12.0,8.8,1.0,0.0,92.8
10168,32.0,5.0,2.3,1.0,0.0,49.5
10169,50.0,6.0,5.2,1.0,0.0,57.1
10170,45.0,7.0,4.3,1.0,0.0,58.9
10171,120.0,18.0,2.4,1.0,0.0,94.7
10172,28.0,5.0,4.8,1.0,0.0,47.9
10173,29.0,3.0,3.1,1.0,0.0,43.9
10174,61.0,11.0,5.2,1.0,0.0,71.4
10175,40.0,6.0,6.0,1.0,0.0,53.2
10176,106.0,14.0,8.7,1.0,0.0,90.1
10177,58.0,10.0,5.8,1.0,0.0,64.7
10178,85.0,12.0,3.5,1.0,0.0,73.1
10179,100.0,14.0,4.0,1.0,0.0,85.2
10180,40.0,5.0,5.3,1.0,0.0,53.7
10181,91.0,13.0,5.2,1.0,0.0,69.1
10182,54.0,9.0,8.6,1.0,0.0,70.1
10183,38.0,6.0,8.5,1.0,0.0,65.4
10184,108.0,19.0,4.1,1.0,0.0,82.2
10185,72.0,10.0,3.6,1.0,0.0,63.2
10186,65.0,9.0,0.5,1.0,0.0,61.5
10187,30.0,3.0,3.6,1.0,0.0,47.8
10188,109.0,15.0,2.6,1.0,0.0,78.6
10189,80.0,13.0,4.1,1.0,0.0,68.3
10190,114.0,17.0,6.0,1.0,0.0,82.4
10191,15.0,3.0,5.4,1.0,0.0,45.3
10192,23.0,3.0,4.9,1.0,0.0,52.9
10193,107.0,15.0,5.5,1.0,0.0,87.9
10194,60.0,8.0,4.7,1.0,0.0,62.0
10195,61.0,7.0,5.5,1.0,0.0,58.7
10196,35.0,5.0,0.5,1.0,0.0,46.1
10197,64.0,10.0,4.3,1.0,0.0,64.7
10198,58.0,8.0,4.7,1.0,0.0,56.4
10199,89.0,14.0,4.1,1.0,0.0,78.9
10200,80.0,11.0,4.5,1.0,0.0,80.3
10201,98.0,15.0,6.8,1.0,0.0,84.2
10202,96.0,13.0,3.5,1.0,0.0,73.7
10203,56.0,9.0,10.5,1.0,0.0,73.2
10204,43.0,6.0,6.7,1.0,0.0,56.4
10205,46.0,8.0,5.0,1.0,0.0,57.3
10206,119.0,18.0,4.5,1.0,0.0,85.1
10207,55.0,9.0,4.8,1.0,0.0,70.1
10208,93.0,14.0,2.7,1.0,0.0,77.5
10209,19.0,3.0,4.8,1.0,0.0,45.1
10210,57.0,9.0,5.7,1.0,0.0,69.9
10211,46.0,7.0,6.4,1.0,0.0,73.1
10212,28.0,4.0,6.4,1.0,0.0,54.7
10213,13.0,1.0,4.3,1.0,0.0,49.6
10214,38.0,6.0,1.5,1.0,0.0,47.6
10215,97.0,15.0,3.3,1.0,0.0,79.1
10216,43.0,7.0,9.0,1.0,0.0,59.1
10217,106.0,18.0,7.2,1.0,0.0,81.3
10218,74.0,11.0,5.9,1.0,0.0,70.8
10219,99.0,13.0,3.1,1.0,0.0,76.4
10220,120.0,17.0,5.0,1.0,0.0,85.2
10221,80.0,12.0,1.9,1.0,0.0,66.6
10222,47.0,6.0,3.6,1.0,0.0,66.5
10223,44.0,6.0,4.4,1.0,0.0,52.3
10224,117.0,17.0,4.1,1.0,0.0,92.0
10225,89.0,13.0,7.4,1.0,0.0,78.8
10226,65.0,9.0,1.5,1.0,0.0,64.3
10227,34.0,4.0,2.8,1.0,0.0,50.4
10228,64.0,10.0,1.6,1.0,0.0,61.8
10229,94.0,15.0,1.9,1.0,0.0,77.9
10230,117.0,17.0,5.3,1.0,0.0,92.9
10231,84.0,12.0,1.0,1.0,0.0,72.5
10232,13.0,2.0,6.9,1.0,0.0,43.2
10233,61.0,9.0,4.4,1.0,0.0,63.5
10234,101.0,17.0,5.2,1.0,0.0,78.9
10235,66.0,9.0,5.8,1.0,0.0,69.2
10236,48.0,6.0,3.9,1.0,0.0,59.5
10237,105.0,16.0,7.6,1.0,0.0,88.7
10238,74.0,11.0,4.5,1.0,0.0,65.2
10239,65.0,9.0,6.5,1.0,0.0,69.2
10240,63.0,11.0,4.5,1.0,0.0,63.0
10241,85.0,12.0,5.7,1.0,0.0,82.0
10242,60.0,10.0,5.7,1.0,0.0,66.5
10243,72.0,11.0,5.6,1.0,0.0,73.5
10244,42.0,5.0,2.6,1.0,0.0,53.5
10245,29.0,4.0,6.1,1.0,0.0,51.5
10246,100.0,16.0,4.2,1.0,0.0,82.0
10247,45.0,6.0,6.6,1.0,0.0,56.1
10248,24.0,5.0,0.5,1.0,0.0,50.9
10249,30.0,5.0,1.3,1.0,0.0,48.6
10250,55.0,8.0,5.9,1.0,0.0,67.4
10251,41.0,5.0,9.7,1.0,0.0,58.5
10252,86.0,14.0,7.1,1.0,0.0,78.1
10253,48.0,7.0,3.3,1.0,1.0,58.0
10254,74.0,11.0,0.8,1.0,0.0,64.2
10255,28.0,4.0,6.9,1.0,0.0,47.3
10256,25.0,4.0,4.8,1.0,0.0,51.1
10257,110.0,15.0,6.5,1.0,0.0,90.3
10258,105.0,16.0,5.3,1.0,0.0,78.4
10259,109.0,18.0,5.1,1.0,0.0,87.4
10260,64.0,11.0,12.4,1.0,0.0,72.8
10261,18.0,3.0,5.0,1.0,0.0,47.1
10262,44.0,6.0,4.6,1.0,0.0,61.1
10263,107.0,16.0,4.7,1.0,0.0,80.3
10264,56.0,8.0,3.5,1.0,0.0,66.0
10265,46.0,7.0,7.5,1.0,0.0,71.8
10266,43.0,7.0,4.1,1.0,0.0,66.9
10267,70.0,9.0,6.6,1.0,0.0,66.5
10268,60.0,9.0,5.7,1.0,0.0,64.2
10269,51.0,9.0,8.0,1.0,0.0,67.3
10270,57.0,9.0,6.1,1.0,0.0,65.7
10271,39.0,5.0,2.0,1.0,0.0,48.5
10272,31.0,6.0,1.7,1.0,0.0,48.3
10273,32.0,5.0,8.5,1.0,0.0,63.8
10274,14.0,2.0,3.5,1.0,0.0,39.4
10275,114.0,17.0,1.7,1.0,0.0,75.7
10276,115.0,15.0,3.3,1.0,0.0,86.3
10277,21.0,4.0,8.2,1.0,0.0,54.4
10278,18.0,1.0,1.4,1.0,0.0,47.4
10279,56.0,9.0,2.8,1.0,0.0,55.5
10280,94.0,13.0,3.3,1.0,0.0,79.4
10281,101.0,16.0,1.9,1.0,0.0,74.5
10282,12.0,2.0,2.0,1.0,0.0,42.2
10283,41.0,7.0,1.2,1.0,0.0,51.7
10284,69.0,10.0,3.8,1.0,0.0,68.2
10285,25.0,2.0,4.1,1.0,0.0,56.9
10286,117.0,17.0,3.3,1.0,0.0,86.4
10287,38.0,6.0,0.9,1.0,0.0,44.5
10288,68.0,11.0,8.1,1.0,0.0,71.8
10289,22.0,2.0,1.7,1.0,0.0,50.3
10290,47.0,8.0,5.7,1.0,0.0,67.5
10291,24.0,4.0,2.3,1.0,0.0,44.9
10292,110.0,15.0,6.7,1.0,0.0,88.4
10293,114.0,17.0,7.4,1.0,0.0,87.9
10294,70.0,10.0,2.8,1.0,0.0,77.2
10295,48.0,8.0,0.5,1.0,0.0,55.0
10296,46.0,7.0,6.7,1.0,0.0,65.2
10297,112.0,17.0,9.7,1.0,0.0,93.3
10298,78.0,11.0,6.0,1.0,0.0,70.4
10299,55.0,9.0,5.4,1.0,0.0,67.9
10300,95.0,13.0,7.0,1.0,0.0,76.3
10301,69.0,11.0,6.9,1.0,0.0,76.3
10302,34.0,5.0,2.9,1.0,0.0,54.1
10303,36.0,4.0,3.4,1.0,0.0,57.1
10304,40.0,6.0,6.5,1.0,0.0,63.2
10305,12.0,1.0,4.6,1.0,0.0,40.8
10306,38.0,8.0,8.3,1.0,0.0,66.5
10307,77.0,13.0,3.2,1.0,0.0,76.3
10308,93.0,12.0,6.9,1.0,0.0,83.0
10309,22.0,3.0,5.9,1.0,0.0,47.3
10310,117.0,18.0,4.7,1.0,0.0,83.7
10311,64.0,11.0,7.9,1.0,0.0,64.0
10312,17.0,3.0,6.7,1.0,0.0,50.6
10313,113.0,19.0,2.5,1.0,0.0,89.0
10314,40.0,6.0,6.6,1.0,0.0,46.3
10315,44.0,8.0,8.4,1.0,0.0,60.8
10316,61.0,8.0,4.7,1.0,0.0,62.4
10317,46.0,8.0,4.4,1.0,0.0,60.6
10318,30.0,4.0,3.3,1.0,0.0,47.1
10319,24.0,3.0,5.0,1.0,0.0,49.2
10320,66.0,11.0,6.7,1.0,0.0,68.7
10321,18.0,4.0,3.0,1.0,0.0,46.6
10322,88.0,13.0,1.6,1.0,0.0,73.9
10323,48.0,10.0,4.1,1.0,0.0,60.7
10324,119.0,19.0,1.6,1.0,0.0,84.8
10325,17.0,2.0,6.3,1.0,0.0,52.7
10326,15.0,1.0,3.9,1.0,0.0,43.2
10327,38.0,6.0,0.6,1.0,0.0,61.8
10328,49.0,7.0,4.1,1.0,0.0,61.3
10329,99.0,14.0,4.5,1.0,0.0,88.2
10330,101.0,15.0,6.1,1.0,0.0,83.4
10331,90.0,14.0,4.6,1.0,0.0,84.1
10332,101.0,16.0,9.7,1.0,0.0,83.4
10333,90.0,13.0,3.7,1.0,0.0,70.2
10334,106.0,16.0,4.8,1.0,0.0,87.1
10335,61.0,9.0,4.7,1.0,0.0,65.2
10336,40.0,5.0,4.3,1.0,0.0,62.5
10337,79.0,12.0,5.4,1.0,0.0,83.4
10338,50.0,9.0,6.4,1.0,0.0,57.2
10339,17.0,3.0,8.4,1.0,0.0,49.7
10340,104.0,16.0,1.1,1.0,0.0,82.2
10341,102.0,15.0,3.7,1.0,0.0,76.7
10342,65.0,10.0,3.9,1.0,0.0,59.6
10343,61.0,7.0,7.3,1.0,0.0,71.2
10344,23.0,3.0,4.1,1.0,0.0,45.8
10345,24.0,3.0,0.5,1.0,0.0,40.4
10346,98.0,15.0,5.2,1.0,0.0,81.3
10347,104.0,17.0,4.9,1.0,0.0,80.7
10348,11.0,2.0,5.4,1.0,0.0,46.6
10349,96.0,14.0,2.4,1.0,0.0,73.1
10350,69.0,10.0,9.3,1.0,0.0,81.2
10351,58.0,8.0,4.2,1.0,0.0,57.7
10352,62.0,9.0,4.5,1.0,0.0,68.1
10353,88.0,13.0,2.7,1.0,0.0,71.1
10354,10.0,1.0,2.7,1.0,0.0,42.2
10355,17.0,1.0,1.9,1.0,0.0,39.4
10356,103.0,16.0,4.0,1.0,0.0,77.6
10357,120.0,18.0,2.6,1.0,0.0,98.4
10358,37.0,5.0,10.1,1.0,0.0,64.0
10359,54.0,7.0,0.5,1.0,0.0,59.2
10360,87.0,14.0,2.2,1.0,0.0,66.7
10361,83.0,13.0,4.0,1.0,0.0,77.2
10362,96.0,17.0,6.7,1.0,0.0,84.4
10363,111.0,17.0,4.0,1.0,0.0,89.0
10364,39.0,5.0,6.7,1.0,0.0,59.4
10365,68.0,9.0,2.5,1.0,0.0,73.9
10366,25.0,4.0,5.1,1.0,0.0,54.7
10367,117.0,18.0,9.4,1.0,0.0,95.1
10368,93.0,15.0,2.6,1.0,0.0,78.0
10369,31.0,4.0,6.0,1.0,0.0,56.3
10370,91.0,14.0,5.5,1.0,0.0,77.8
10371,98.0,14.0,0.5,1.0,0.0,76.9
10372,25.0,4.0,3.5,1.0,0.0,49.1
10373,65.0,9.0,7.8,1.0,0.0,75.9
10374,101.0,17.0,5.3,1.0,0.0,79.3
10375,48.0,6.0,2.0,1.0,0.0,51.2
10376,16.0,3.0,6.7,1.0,0.0,47.4
10377,48.0,7.0,3.8,1.0,0.0,55.7
10378,96.0,14.0,5.9,1.0,0.0,78.3
10379,21.0,1.0,5.9,1.0,0.0,56.6
10380,44.0,7.0,2.2,1.0,0.0,55.2
10381,104.0,15.0,7.0,1.0,0.0,84.0
10382,28.0,4.0,2.5,1.0,0.0,52.5
10383,53.0,8.0,1.7,1.0,0.0,63.1
10384,71.0,13.0,2.8,1.0,0.0,58.3
10385,30.0,6.0,4.1,1.0,0.0,48.0
10386,87.0,14.0,5.3,1.0,0.0,79.5
10387,96.0,15.0,3.1,1.0,0.0,75.6
10388,80.0,12.0,6.9,1.0,0.0,68.0
10389,105.0,15.0,5.6,1.0,0.0,90.4
10390,24.0,4.0,3.3,1.0,0.0,49.2
10391,10.0,1.0,7.2,1.0,0.0,41.0
10392,39.0,8.0,7.9,1.0,0.0,60.3
10393,102.0,18.0,4.8,1.0,0.0,87.4
10394,24.0,6.0,4.5,1.0,0.0,43.6
10395,94.0,13.0,0.6,1.0,0.0,70.4
10396,112.0,16.0,4.0,1.0,0.0,83.1
10397,72.0,10.0,4.3,1.0,0.0,66.8
10398,107.0,17.0,5.6,1.0,0.0,78.8
10399,37.0,5.0,4.6,1.0,0.0,59.7
10400,90.0,13.0,5.6,1.0,0.0,74.8
10401,96.0,13.0,8.8,1.0,0.0,78.0
10402,64.0,9.0,3.7,1.0,0.0,63.8
10403,76.0,13.0,3.8,1.0,0.0,65.5
10404,20.0,1.0,1.7,1.0,0.0,42.3
10405,40.0,7.0,5.0,1.0,0.0,57.8
10406,18.0,2.0,7.4,1.0,0.0,48.3
10407,36.0,8.0,0.6,1.0,0.0,55.2
10408,108.0,17.0,3.3,1.0,0.0,80.2
10409,13.0,1.0,5.1,1.0,0.0,45.1
10410,65.0,9.0,7.1,1.0,0.0,75.7
10411,67.0,10.0,6.0,1.0,0.0,71.7
10412,41.0,7.0,5.8,1.0,0.0,57.7
10413,96.0,16.0,4.4,1.0,0.0,79.3
10414,75.0,11.0,6.2,1.0,0.0,70.8
10415,31.0,5.0,7.5,1.0,0.0,55.9
10416,62.0,10.0,0.7,1.0,0.0,59.0
10417,13.0,2.0,6.8,1.0,0.0,48.2
10418,12.0,2.0,4.8,1.0,0.0,41.4
10419,91.0,14.0,3.7,1.0,0.0,81.7
10420,29.0,4.0,0.5,1.0,0.0,48.3
10421,117.0,19.0,1.5,1.0,0.0,89.9
10422,49.0,7.0,9.2,1.0,0.0,67.7
10423,87.0,15.0,3.3,1.0,0.0,70.8
10424,61.0,10.0,2.3,1.0,0.0,64.2
10425,55.0,8.0,3.9,1.0,0.0,56.7
10426,83.0,11.0,3.1,1.0,0.0,74.7
10427,79.0,14.0,5.3,1.0,0.0,76.4
10428,106.0,16.0,8.8,1.0,0.0,98.3
10429,19.0,4.0,3.5,1.0,0.0,47.7
10430,66.0,11.0,5.4,1.0,0.0,66.3
10431,77.0,10.0,2.1,1.0,0.0,66.6
10432,81.0,13.0,8.8,1.0,0.0,83.9
10433,79.0,11.0,5.5,1.0,0.0,68.7
10434,50.0,8.0,2.3,1.0,0.0,60.5
10435,13.0,2.0,7.3,1.0,0.0,52.7
10436,88.0,12.0,8.0,1.0,0.0,84.8
10437,15.0,2.0,5.4,1.0,0.0,50.9
10438,62.0,9.0,0.9,1.0,0.0,64.2
10439,89.0,12.0,9.5,1.0,0.0,82.9
10440,40.0,5.0,5.8,1.0,0.0,60.0
10441,13.0,2.0,7.9,1.0,0.0,47.7
10442,20.0,4.0,3.6,1.0,0.0,45.5
10443,25.0,4.0,4.0,1.0,0.0,49.0
10444,83.0,12.0,5.3,1.0,0.0,72.0
10445,82.0,11.0,7.8,1.0,0.0,83.7
10446,118.0,17.0,5.4,1.0,0.0,89.9
10447,46.0,6.0,1.9,1.0,0.0,57.9
10448,24.0,4.0,5.7,1.0,0.0,52.0
10449,29.0,5.0,9.1,1.0,0.0,55.2
10450,14.0,1.0,5.2,1.0,0.0,49.0
10451,101.0,15.0,5.3,1.0,0.0,85.4
10452,18.0,5.0,1.8,1.0,0.0,45.0
10453,108.0,17.0,1.5,1.0,0.0,88.5
10454,15.0,3.0,3.4,1.0,0.0,45.0
10455,99.0,16.0,4.2,1.0,0.0,81.5
10456,32.0,6.0,5.3,1.0,0.0,51.5
10457,13.0,1.0,5.4,1.0,0.0,47.4
10458,87.0,13.0,9.0,1.0,0.0,88.9
10459,10.0,1.0,5.1,1.0,0.0,45.4
10460,43.0,6.0,7.7,1.0,0.0,60.9
10461,16.0,5.0,4.9,1.0,0.0,56.3
10462,23.0,4.0,8.6,1.0,0.0,47.4
10463,24.0,5.0,0.5,1.0,0.0,36.6
10464,90.0,14.0,3.5,1.0,0.0,72.4
10465,117.0,20.0,7.5,1.0,0.0,91.7
10466,37.0,4.0,4.6,1.0,0.0,56.4
10467,54.0,8.0,7.3,1.0,0.0,65.3
10468,51.0,7.0,6.0,1.0,0.0,57.9
10469,38.0,5.0,7.4,1.0,0.0,59.6
10470,88.0,14.0,6.5,1.0,0.0,86.9
10471,40.0,6.0,6.7,1.0,0.0,63.9
10472,67.0,11.0,8.7,1.0,0.0,77.7
10473,24.0,5.0,7.5,1.0,0.0,49.3
10474,103.0,16.0,7.5,1.0,0.0,84.5
10475,86.0,14.0,5.1,1.0,0.0,76.3
10476,69.0,10.0,3.5,1.0,0.0,72.0
10477,78.0,11.0,3.4,1.0,0.0,73.2
10478,35.0,4.0,6.9,1.0,0.0,55.9
10479,103.0,16.0,0.5,1.0,0.0,78.0
10480,23.0,3.0,1.7,1.0,0.0,49.0
10481,107.0,15.0,2.6,1.0,0.0,91.0
10482,77.0,12.0,4.4,1.0,0.0,75.3
10483,113.0,16.0,0.5,1.0,0.0,77.8
10484,42.0,7.0,8.1,1.0,0.0,66.8
10485,113.0,17.0,6.5,1.0,0.0,92.0
10486,80.0,11.0,10.0,1.0,0.0,84.5
10487,11.0,3.0,7.7,1.0,0.0,49.3
10488,21.0,4.0,7.6,1.0,0.0,56.2
10489,75.0,11.0,10.6,1.0,0.0,73.0
10490,20.0,4.0,3.6,1.0,0.0,48.9
10491,92.0,12.0,1.2,1.0,0.0,80.1
10492,84.0,14.0,4.4,1.0,0.0,72.9
10493,31.0,4.0,2.9,1.0,0.0,57.4
10494,80.0,12.0,4.4,1.0,0.0,73.2
10495,72.0,11.0,2.4,1.0,0.0,67.0
10496,37.0,5.0,6.4,1.0,0.0,59.0
10497,88.0,13.0,6.3,1.0,0.0,77.6
10498,38.0,5.0,4.9,1.0,0.0,49.8
10499,105.0,16.0,5.8,1.0,0.0,80.7
10500,54.0,10.0,4.6,1.0,0.0,59.5
10501,64.0,8.0,6.9,1.0,0.0,69.5
10502,83.0,12.0,5.2,1.0,0.0,76.2
10503,107.0,16.0,4.3,1.0,0.0,77.6
10504,60.0,8.0,7.3,1.0,0.0,64.5
10505,82.0,12.0,8.2,1.0,0.0,88.5
10506,76.0,12.0,8.3,1.0,0.0,70.4
10507,18.0,3.0,2.5,1.0,0.0,40.3
10508,80.0,13.0,3.7,1.0,0.0,73.3
10509,15.0,3.0,0.7,1.0,0.0,44.3
10510,66.0,10.0,4.4,1.0,0.0,76.2
10511,22.0,3.0,6.0,1.0,0.0,49.2
10512,77.0,10.0,4.7,1.0,0.0,70.6
10513,89.0,13.0,9.8,1.0,0.0,92.6
10514,96.0,13.0,4.0,1.0,0.0,81.1
10515,75.0,11.0,2.3,1.0,0.0,70.2
10516,119.0,19.0,6.4,1.0,0.0,87.8
10517,50.0,8.0,5.4,1.0,0.0,65.2
10518,11.0,2.0,6.4,1.0,0.0,44.2
10519,100.0,16.0,5.8,1.0,0.0,88.3
10520,60.0,10.0,5.6,1.0,0.0,64.2
10521,70.0,10.0,0.5,1.0,0.0,67.0
10522,103.0,17.0,3.2,1.0,0.0,77.6
10523,39.0,5.0,3.5,1.0,0.0,63.5
10524,46.0,6.0,4.1,1.0,0.0,60.4
10525,21.0,4.0,3.9,1.0,0.0,48.5
10526,85.0,13.0,6.0,1.0,0.0,77.1
10527,33.0,5.0,6.5,1.0,0.0,52.2
10528,104.0,16.0,2.2,1.0,0.0,86.9
10529,77.0,13.0,6.7,1.0,0.0,78.5
10530,110.0,17.0,6.5,1.0,0.0,92.2
10531,17.0,3.0,6.2,1.0,0.0,47.1
10532,119.0,19.0,1.5,1.0,0.0,83.9
10533,54.0,10.0,6.1,1.0,0.0,60.3
10534,70.0,12.0,5.2,1.0,0.0,75.8
10535,81.0,13.0,7.4,1.0,1.0,76.7
10536,63.0,10.0,9.5,1.0,0.0,61.4
10537,68.0,10.0,9.0,1.0,0.0,72.9
10538,56.0,8.0,5.3,1.0,0.0,70.3
10539,31.0,5.0,5.0,1.0,0.0,56.8
10540,117.0,18.0,6.6,1.0,0.0,86.4
10541,98.0,14.0,2.2,1.0,0.0,78.2
10542,76.0,11.0,1.4,1.0,0.0,72.1
10543,16.0,2.0,3.8,1.0,0.0,48.9
10544,108.0,16.0,8.1,1.0,0.0,91.8
10545,19.0,3.0,4.2,1.0,0.0,48.1
10546,96.0,14.0,8.8,1.0,0.0,80.6
10547,16.0,3.0,0.5,1.0,0.0,38.6
10548,94.0,15.0,1.0,1.0,0.0,76.1
10549,103.0,16.0,4.7,1.0,0.0,77.6
10550,59.0,10.0,7.2,1.0,0.0,67.1
10551,71.0,10.0,4.8,1.0,0.0,68.8
10552,102.0,15.0,4.8,1.0,0.0,82.8
10553,117.0,18.0,4.7,1.0,0.0,92.1
10554,12.0,2.0,0.6,1.0,0.0,41.7
10555,24.0,4.0,7.9,1.0,0.0,55.7
10556,105.0,17.0,3.3,1.0,0.0,84.2
10557,85.0,12.0,7.7,1.0,0.0,78.7
10558,40.0,6.0,4.8,1.0,0.0,55.6
10559,59.0,8.0,7.7,1.0,0.0,67.7
10560,22.0,4.0,5.9,1.0,0.0,43.6
10561,13.0,1.0,4.7,1.0,0.0,42.6
10562,91.0,14.0,5.6,1.0,0.0,84.0
10563,90.0,15.0,1.3,1.0,0.0,71.9
10564,86.0,14.0,5.0,1.0,0.0,73.1
10565,107.0,15.0,9.3,1.0,0.0,88.2
10566,42.0,5.0,8.3,1.0,0.0,59.1
10567,57.0,9.0,2.5,1.0,0.0,61.4
10568,38.0,6.0,6.3,1.0,0.0,54.7
10569,79.0,10.0,5.6,1.0,0.0,78.6
10570,80.0,13.0,7.0,1.0,0.0,82.2
10571,55.0,8.0,5.2,1.0,0.0,62.0
10572,113.0,16.0,4.4,1.0,0.0,88.9
10573,64.0,10.0,8.3,1.0,0.0,73.9
10574,111.0,19.0,5.5,1.0,0.0,79.7
10575,90.0,13.0,8.1,1.0,0.0,82.4
10576,113.0,17.0,7.4,1.0,0.0,85.9
10577,93.0,13.0,4.2,1.0,0.0,75.8
10578,35.0,6.0,4.6,1.0,0.0,64.1
10579,86.0,13.0,9.8,1.0,0.0,84.9
10580,36.0,6.0,5.5,1.0,0.0,58.1
10581,42.0,6.0,3.1,1.0,0.0,51.3
10582,34.0,6.0,2.0,1.0,0.0,46.8
10583,65.0,9.0,7.4,1.0,0.0,69.5
10584,58.0,9.0,5.4,1.0,0.0,64.1
10585,110.0,16.0,3.0,1.0,0.0,89.6
10586,75.0,11.0,6.7,1.0,0.0,74.5
10587,50.0,6.0,5.4,1.0,0.0,60.4
10588,79.0,12.0,0.8,1.0,0.0,66.1
10589,48.0,7.0,6.5,1.0,0.0,62.0
10590,102.0,14.0,8.3,1.0,0.0,90.6
10591,20.0,5.0,11.4,1.0,0.0,54.3
10592,34.0,6.0,5.1,1.0,0.0,51.9
10593,20.0,2.0,5.6,1.0,0.0,48.1
10594,105.0,15.0,9.0,1.0,0.0,96.5
10595,40.0,6.0,5.4,1.0,0.0,64.4
10596,119.0,17.0,5.7,1.0,0.0,93.9
10597,27.0,4.0,3.4,1.0,0.0,51.1
10598,46.0,5.0,1.5,1.0,0.0,53.0
10599,108.0,18.0,7.3,1.0,0.0,82.0
10600,80.0,11.0,1.8,1.0,0.0,70.3
10601,64.0,11.0,7.9,1.0,0.0,74.0
10602,28.0,4.0,3.0,1.0,0.0,50.6
10603,97.0,17.0,5.7,1.0,0.0,83.7
10604,47.0,8.0,4.1,1.0,0.0,61.1
10605,93.0,15.0,7.9,1.0,0.0,84.1
10606,74.0,12.0,5.8,1.0,0.0,72.6
10607,78.0,12.0,9.9,1.0,0.0,81.0
10608,46.0,7.0,2.3,1.0,0.0,51.0
10609,18.0,3.0,6.0,1.0,0.0,53.1
10610,75.0,12.0,5.1,1.0,0.0,68.8
10611,92.0,14.0,5.7,1.0,0.0,82.6
10612,73.0,11.0,9.0,1.0,0.0,81.3
10613,76.0,11.0,6.5,1.0,0.0,73.7
10614,87.0,13.0,2.1,1.0,0.0,69.7
10615,15.0,3.0,6.3,1.0,0.0,52.4
10616,35.0,5.0,4.0,1.0,0.0,55.7
10617,78.0,12.0,3.8,1.0,0.0,73.2
10618,25.0,4.0,7.6,1.0,0.0,57.3
10619,40.0,7.0,3.5,1.0,0.0,47.0
10620,15.0,3.0,4.1,1.0,0.0,48.7
10621,34.0,5.0,5.1,1.0,0.0,50.8
10622,11.0,1.0,7.4,1.0,0.0,53.2
10623,100.0,16.0,6.5,1.0,0.0,82.2
10624,75.0,11.0,4.4,1.0,0.0,70.8
10625,70.0,11.0,4.3,1.0,0.0,66.8
10626,11.0,3.0,2.1,1.0,0.0,37.2
10627,104.0,15.0,3.1,1.0,0.0,91.6
10628,10.0,1.0,3.4,1.0,0.0,36.8
10629,97.0,15.0,4.6,1.0,0.0,80.9
10630,34.0,3.0,10.0,1.0,0.0,54.6
10631,100.0,14.0,3.3,1.0,0.0,76.8
10632,24.0,5.0,4.3,1.0,0.0,57.9
10633,70.0,11.0,0.5,1.0,0.0,55.5
10634,13.0,3.0,6.5,1.0,0.0,49.5
10635,71.0,11.0,1.1,1.0,0.0,68.4
10636,25.0,2.0,2.7,1.0,0.0,44.3
10637,99.0,14.0,7.6,1.0,0.0,81.5
10638,36.0,3.0,0.5,1.0,0.0,53.8
10639,23.0,4.0,5.2,1.0,0.0,46.6
10640,13.0,5.0,7.0,1.0,0.0,42.0
10641,73.0,9.0,8.8,1.0,0.0,81.6
10642,83.0,13.0,2.7,1.0,0.0,71.3
10643,108.0,17.0,3.4,1.0,0.0,84.3
10644,17.0,3.0,9.5,1.0,0.0,47.5
10645,53.0,7.0,4.9,1.0,0.0,64.8
10646,28.0,3.0,3.2,1.0,0.0,50.3
10647,65.0,8.0,3.2,1.0,0.0,64.9
10648,36.0,5.0,2.6,1.0,0.0,51.4
10649,55.0,8.0,3.9,1.0,0.0,65.9
10650,51.0,8.0,7.7,1.0,0.0,65.7
10651,86.0,13.0,7.2,1.0,0.0,80.0
10652,92.0,13.0,2.1,1.0,0.0,70.8
10653,57.0,8.0,5.5,1.0,0.0,63.1
10654,37.0,5.0,4.0,1.0,0.0,49.1
10655,97.0,15.0,7.0,1.0,0.0,80.1
10656,103.0,17.0,4.6,1.0,0.0,80.9
10657,69.0,12.0,5.9,1.0,0.0,75.7
10658,37.0,6.0,4.6,1.0,0.0,51.2
10659,96.0,13.0,0.5,1.0,0.0,73.5
10660,49.0,9.0,5.1,1.0,0.0,55.7
10661,111.0,19.0,1.8,1.0,0.0,84.9
10662,39.0,5.0,6.9,1.0,0.0,59.3
10663,113.0,17.0,3.3,1.0,0.0,87.7
10664,57.0,8.0,3.5,1.0,0.0,56.1
10665,93.0,14.0,5.0,1.0,0.0,83.2
10666,33.0,4.0,6.4,1.0,0.0,71.0
10667,79.0,10.0,4.6,1.0,0.0,70.2
10668,74.0,12.0,9.1,1.0,0.0,77.2
10669,56.0,8.0,9.1,1.0,0.0,76.1
10670,91.0,15.0,9.3,1.0,0.0,83.1
10671,100.0,16.0,4.4,1.0,0.0,73.7
10672,90.0,15.0,1.3,1.0,0.0,74.8
10673,99.0,15.0,8.1,1.0,0.0,87.6
10674,92.0,14.0,4.0,1.0,0.0,79.7
10675,26.0,3.0,5.1,1.0,0.0,52.0
10676,95.0,15.0,6.6,1.0,0.0,85.9
10677,31.0,6.0,1.0,1.0,0.0,53.6
10678,21.0,4.0,9.1,1.0,0.0,52.9
10679,109.0,16.0,7.2,1.0,0.0,84.2
10680,76.0,12.0,5.9,1.0,0.0,76.7
10681,29.0,6.0,7.2,1.0,0.0,59.3
10682,80.0,10.0,6.4,1.0,0.0,68.0
10683,47.0,7.0,5.3,1.0,0.0,53.3
10684,26.0,4.0,4.2,1.0,0.0,48.0
10685,98.0,14.0,3.2,1.0,0.0,78.3
10686,22.0,3.0,5.7,1.0,0.0,55.9
10687,116.0,18.0,5.9,1.0,0.0,87.3
10688,95.0,14.0,7.7,1.0,0.0,87.4
10689,88.0,13.0,5.5,1.0,0.0,82.8
10690,36.0,4.0,2.9,1.0,0.0,46.3
10691,94.0,14.0,1.1,1.0,0.0,81.1
10692,12.0,2.0,4.7,1.0,0.0,42.6
10693,71.0,11.0,4.9,1.0,0.0,75.1
10694,44.0,7.0,4.8,1.0,0.0,65.2
10695,102.0,16.0,1.2,1.0,0.0,80.5
10696,94.0,15.0,7.7,1.0,0.0,79.0
10697,64.0,9.0,7.7,1.0,0.0,64.9
10698,62.0,9.0,2.9,1.0,0.0,71.1
10699,18.0,3.0,7.0,1.0,0.0,54.1
10700,36.0,5.0,7.4,1.0,0.0,56.1
10701,88.0,12.0,5.1,1.0,0.0,79.4
10702,17.0,3.0,2.6,1.0,0.0,40.2
10703,97.0,13.0,9.0,1.0,0.0,81.1
10704,118.0,18.0,6.0,1.0,0.0,84.8
10705,19.0,3.0,4.4,1.0,0.0,50.8
10706,60.0,9.0,6.9,1.0,0.0,67.3
10707,74.0,11.0,9.1,1.0,0.0,74.7
10708,99.0,15.0,3.8,1.0,0.0,80.9
10709,27.0,3.0,6.7,1.0,0.0,57.2
10710,50.0,7.0,9.9,1.0,0.0,73.5
10711,102.0,15.0,2.2,1.0,0.0,74.1
10712,67.0,9.0,3.6,1.0,0.0,61.1
10713,28.0,2.0,3.5,1.0,0.0,44.3
10714,106.0,17.0,4.6,1.0,0.0,83.7
10715,113.0,18.0,4.5,1.0,0.0,88.8
10716,91.0,13.0,5.8,1.0,0.0,74.4
10717,117.0,17.0,2.9,1.0,0.0,83.1
10718,112.0,16.0,3.4,1.0,0.0,79.4
10719,23.0,3.0,5.8,1.0,0.0,45.2
10720,55.0,8.0,5.4,1.0,0.0,60.9
10721,76.0,13.0,7.2,1.0,0.0,70.0
10722,91.0,12.0,6.0,1.0,0.0,76.6
10723,69.0,9.0,6.9,1.0,0.0,65.6
10724,81.0,12.0,2.1,1.0,0.0,69.2
10725,23.0,3.0,4.0,1.0,0.0,49.7
10726,55.0,10.0,9.6,1.0,0.0,67.1
10727,11.0,1.0,6.0,1.0,0.0,48.7
10728,82.0,14.0,6.9,1.0,0.0,74.2
10729,28.0,5.0,5.7,1.0,0.0,45.9
10730,54.0,10.0,6.1,1.0,0.0,62.6
10731,65.0,10.0,4.4,1.0,0.0,76.4
10732,83.0,11.0,13.9,1.0,0.0,86.5
10733,94.0,13.0,4.0,1.0,0.0,81.6
10734,89.0,14.0,4.9,1.0,0.0,80.7
10735,72.0,10.0,0.5,1.0,0.0,62.7
10736,68.0,13.0,7.8,1.0,0.0,74.9
10737,104.0,14.0,3.6,1.0,0.0,79.7
10738,105.0,15.0,4.8,1.0,0.0,86.6
10739,17.0,3.0,3.7,1.0,0.0,49.4
10740,40.0,6.0,4.7,1.0,0.0,58.0
10741,111.0,16.0,4.3,1.0,0.0,86.5
10742,75.0,13.0,4.9,1.0,0.0,70.4
10743,25.0,4.0,4.9,1.0,0.0,45.0
10744,18.0,4.0,4.6,1.0,0.0,45.4
10745,20.0,3.0,4.6,1.0,0.0,50.1
10746,95.0,15.0,8.3,1.0,0.0,77.6
10747,34.0,5.0,7.2,1.0,0.0,52.0
10748,37.0,4.0,7.2,1.0,0.0,55.0
10749,24.0,2.0,3.2,1.0,0.0,43.0
10750,76.0,13.0,8.1,1.0,0.0,75.3
10751,67.0,10.0,7.8,1.0,0.0,69.1
10752,41.0,7.0,3.6,1.0,0.0,54.8
10753,82.0,13.0,8.8,1.0,0.0,84.1
10754,96.0,13.0,3.3,1.0,0.0,79.7
10755,118.0,16.0,0.5,1.0,0.0,88.6
10756,63.0,9.0,7.8,1.0,0.0,75.6
10757,55.0,8.0,4.7,1.0,0.0,64.4
10758,42.0,6.0,7.4,1.0,0.0,63.9
10759,96.0,15.0,3.1,1.0,0.0,78.1
10760,117.0,17.0,1.8,1.0,0.0,83.4
10761,76.0,11.0,8.1,1.0,0.0,76.4
10762,81.0,12.0,1.5,1.0,0.0,74.4
10763,86.0,12.0,1.1,1.0,0.0,69.8
10764,57.0,7.0,0.5,1.0,0.0,53.3
10765,34.0,7.0,0.5,1.0,0.0,51.2
10766,38.0,4.0,2.4,1.0,0.0,54.9
10767,78.0,10.0,0.5,1.0,0.0,67.1
10768,80.0,13.0,4.9,1.0,0.0,76.6
10769,61.0,9.0,0.5,1.0,0.0,56.0
10770,15.0,2.0,2.3,1.0,0.0,44.4
10771,106.0,18.0,10.8,1.0,0.0,95.8
10772,37.0,5.0,5.9,1.0,0.0,65.6
10773,74.0,11.0,5.1,1.0,0.0,67.8
10774,91.0,14.0,0.9,1.0,0.0,72.4
10775,30.0,5.0,4.4,1.0,0.0,51.5
10776,62.0,10.0,5.1,1.0,0.0,63.1
10777,10.0,3.0,1.0,1.0,0.0,35.4
10778,15.0,2.0,5.3,1.0,0.0,46.8
10779,38.0,6.0,8.0,1.0,0.0,63.5
10780,82.0,12.0,4.1,1.0,0.0,69.7
10781,108.0,15.0,4.5,1.0,0.0,87.8
10782,57.0,8.0,0.5,1.0,0.0,62.0
10783,13.0,2.0,1.5,1.0,0.0,44.7
10784,42.0,6.0,7.6,1.0,0.0,59.2
10785,115.0,19.0,3.3,1.0,0.0,83.2
10786,22.0,4.0,2.7,1.0,0.0,53.6
10787,93.0,13.0,3.3,1.0,0.0,81.5
10788,92.0,13.0,4.9,1.0,0.0,71.9
10789,75.0,10.0,2.1,1.0,0.0,66.8
10790,112.0,16.0,5.3,1.0,0.0,81.4
10791,81.0,12.0,1.6,1.0,0.0,76.1
10792,116.0,18.0,6.9,1.0,0.0,94.1
10793,101.0,16.0,2.4,1.0,0.0,81.3
10794,97.0,14.0,8.3,1.0,0.0,80.5
10795,115.0,18.0,5.0,1.0,0.0,85.9
10796,78.0,12.0,2.9,1.0,0.0,72.9
10797,45.0,6.0,7.3,1.0,0.0,53.3
10798,21.0,3.0,1.6,1.0,0.0,49.4
10799,86.0,12.0,3.6,1.0,0.0,74.7
10800,68.0,10.0,5.0,1.0,0.0,66.3
10801,52.0,9.0,4.7,1.0,0.0,61.1
10802,114.0,18.0,0.5,1.0,0.0,82.9
10803,110.0,17.0,2.7,1.0,0.0,85.7
10804,52.0,5.0,5.4,1.0,0.0,57.2
10805,114.0,18.0,1.7,1.0,1.0,77.3
10806,58.0,9.0,8.2,1.0,0.0,66.6
10807,33.0,6.0,6.2,1.0,0.0,52.6
10808,78.0,12.0,3.7,1.0,0.0,69.8
10809,20.0,3.0,4.4,1.0,0.0,53.1
10810,27.0,5.0,9.7,1.0,0.0,59.7
10811,100.0,16.0,7.3,1.0,0.0,77.4
10812,100.0,14.0,6.0,1.0,0.0,89.8
10813,36.0,5.0,1.5,1.0,0.0,53.2
10814,92.0,14.0,9.1,1.0,0.0,80.7
10815,117.0,18.0,7.6,1.0,0.0,91.8
10816,115.0,16.0,4.6,1.0,0.0,86.8
10817,59.0,9.0,3.6,1.0,0.0,58.4
10818,105.0,15.0,4.5,1.0,0.0,84.2
10819,71.0,11.0,2.0,1.0,0.0,69.0
10820,72.0,13.0,3.8,1.0,0.0,69.7
10821,36.0,5.0,6.9,1.0,0.0,54.7
10822,52.0,8.0,0.5,1.0,0.0,55.8
10823,34.0,5.0,4.2,1.0,0.0,57.0
10824,92.0,14.0,5.3,1.0,0.0,78.8
10825,80.0,12.0,5.3,1.0,0.0,67.2
10826,98.0,14.0,2.1,1.0,0.0,74.6
10827,78.0,10.0,2.0,1.0,0.0,69.6
10828,40.0,4.0,7.7,1.0,0.0,52.9
10829,115.0,16.0,1.9,1.0,0.0,87.2
10830,82.0,12.0,7.5,1.0,0.0,83.8
10831,62.0,10.0,3.8,1.0,0.0,60.5
10832,96.0,13.0,7.7,1.0,0.0,85.2
10833,38.0,5.0,3.9,1.0,0.0,48.9
10834,99.0,16.0,2.1,1.0,0.0,80.1
10835,47.0,8.0,7.1,1.0,0.0,60.0
10836,18.0,3.0,5.0,1.0,0.0,49.9
10837,96.0,16.0,8.6,1.0,0.0,82.8
10838,31.0,7.0,7.2,1.0,0.0,54.7
10839,81.0,12.0,4.4,1.0,0.0,72.6
10840,40.0,7.0,3.9,1.0,0.0,56.5
10841,85.0,13.0,5.1,1.0,0.0,75.1
10842,24.0,3.0,5.5,1.0,0.0,48.8
10843,79.0,11.0,2.8,1.0,0.0,65.2
10844,31.0,6.0,7.1,1.0,0.0,54.0
10845,65.0,10.0,4.0,1.0,1.0,67.7
10846,106.0,17.0,3.9,1.0,0.0,83.3
10847,62.0,10.0,3.6,1.0,0.0,60.8
10848,95.0,13.0,5.6,1.0,0.0,84.1
10849,26.0,4.0,3.3,1.0,0.0,48.3
10850,82.0,13.0,5.3,1.0,0.0,77.5
10851,27.0,4.0,11.9,1.0,0.0,60.6
10852,95.0,12.0,4.9,1.0,0.0,79.6
10853,89.0,13.0,3.9,1.0,0.0,70.6
10854,54.0,8.0,0.8,1.0,0.0,57.9
10855,62.0,9.0,5.1,1.0,0.0,73.0
10856,29.0,3.0,2.2,1.0,0.0,50.7
10857,80.0,14.0,4.1,1.0,0.0,77.0
10858,110.0,18.0,5.4,1.0,0.0,90.8
10859,72.0,10.0,0.7,1.0,0.0,68.5
10860,45.0,6.0,5.4,1.0,0.0,69.5
10861,55.0,10.0,5.8,1.0,0.0,69.9
10862,34.0,3.0,1.8,1.0,0.0,43.8
10863,59.0,10.0,4.0,1.0,0.0,70.1
10864,64.0,10.0,0.5,1.0,0.0,58.8
10865,113.0,17.0,8.9,1.0,0.0,100.0
10866,57.0,8.0,5.8,1.0,0.0,66.5
10867,105.0,16.0,4.6,1.0,0.0,83.9
10868,28.0,6.0,4.6,1.0,0.0,57.7
10869,70.0,11.0,7.8,1.0,0.0,70.0
10870,75.0,11.0,4.8,1.0,0.0,73.6
10871,75.0,11.0,5.8,1.0,0.0,78.3
10872,65.0,11.0,8.8,1.0,0.0,69.8
10873,94.0,14.0,4.1,1.0,0.0,82.4
10874,29.0,5.0,2.3,1.0,0.0,47.0
10875,17.0,2.0,2.9,1.0,0.0,43.4
10876,26.0,5.0,8.6,1.0,0.0,53.6
10877,72.0,11.0,5.2,1.0,0.0,60.7
10878,37.0,5.0,3.7,1.0,0.0,48.9
10879,91.0,12.0,7.4,1.0,0.0,73.4
10880,17.0,1.0,7.5,1.0,0.0,46.7
10881,110.0,17.0,3.8,1.0,0.0,84.5
10882,115.0,16.0,2.6,1.0,0.0,81.8
10883,96.0,12.0,1.1,1.0,0.0,80.9
10884,107.0,15.0,0.5,1.0,0.0,75.4
10885,52.0,8.0,4.3,1.0,0.0,61.2
10886,28.0,5.0,2.8,1.0,0.0,49.7
10887,32.0,2.0,9.6,1.0,0.0,57.3
10888,65.0,10.0,5.1,1.0,0.0,68.3
10889,83.0,13.0,0.5,1.0,0.0,65.6
10890,73.0,10.0,8.5,1.0,0.0,83.8
10891,22.0,3.0,5.4,1.0,0.0,52.3
10892,90.0,14.0,6.8,1.0,0.0,80.0
10893,97.0,14.0,6.7,1.0,0.0,85.4
10894,13.0,1.0,5.7,1.0,0.0,52.5
10895,60.0,9.0,6.3,1.0,0.0,77.3
10896,58.0,9.0,5.6,1.0,0.0,56.2
10897,17.0,3.0,2.2,1.0,0.0,49.2
10898,29.0,4.0,5.9,1.0,0.0,51.6
10899,100.0,15.0,7.6,1.0,0.0,81.2
10900,74.0,11.0,4.5,1.0,0.0,66.9
10901,34.0,4.0,6.4,1.0,0.0,56.8
10902,60.0,7.0,6.0,1.0,0.0,65.6
10903,104.0,15.0,9.5,1.0,0.0,85.6
10904,21.0,3.0,4.4,1.0,0.0,46.4
10905,115.0,16.0,4.3,1.0,0.0,90.7
10906,26.0,3.0,4.7,1.0,0.0,50.6
10907,42.0,7.0,4.7,1.0,0.0,51.9
10908,30.0,4.0,0.5,1.0,0.0,45.4
10909,62.0,9.0,3.4,1.0,0.0,75.4
10910,44.0,7.0,5.7,1.0,0.0,58.8
10911,119.0,18.0,5.0,1.0,0.0,89.6
10912,12.0,1.0,3.0,1.0,0.0,30.0
10913,45.0,6.0,3.3,1.0,0.0,52.0
10914,75.0,11.0,4.1,1.0,0.0,76.7
10915,47.0,6.0,3.0,1.0,0.0,60.0
10916,60.0,9.0,3.7,1.0,0.0,66.4
10917,57.0,8.0,3.7,1.0,0.0,61.1
10918,19.0,3.0,7.2,1.0,0.0,45.4
10919,81.0,11.0,7.5,1.0,0.0,78.0
10920,102.0,15.0,7.3,1.0,0.0,84.5
10921,68.0,11.0,6.1,1.0,0.0,69.4
10922,26.0,4.0,3.2,1.0,0.0,58.7
10923,63.0,12.0,7.4,1.0,0.0,70.5
10924,12.0,2.0,4.2,1.0,0.0,47.6
10925,110.0,17.0,5.1,1.0,0.0,91.0
10926,36.0,5.0,8.3,1.0,0.0,61.2
10927,109.0,18.0,5.2,1.0,0.0,85.5
10928,74.0,12.0,5.6,1.0,0.0,68.9
10929,118.0,20.0,1.5,1.0,0.0,93.7
10930,103.0,15.0,6.2,1.0,0.0,85.7
10931,11.0,2.0,2.5,1.0,0.0,37.4
10932,12.0,2.0,7.5,1.0,0.0,50.1
10933,92.0,13.0,4.5,1.0,0.0,84.1
10934,67.0,10.0,0.5,1.0,0.0,66.2
10935,93.0,13.0,4.1,1.0,0.0,66.5
10936,75.0,12.0,4.4,1.0,0.0,67.5
10937,36.0,5.0,6.2,1.0,0.0,58.6
10938,97.0,13.0,6.7,1.0,0.0,84.5
10939,13.0,1.0,4.2,1.0,0.0,51.1
10940,99.0,15.0,7.5,1.0,0.0,75.3
10941,83.0,14.0,0.5,1.0,0.0,68.1
10942,84.0,13.0,3.2,1.0,0.0,70.7
10943,15.0,2.0,2.2,1.0,0.0,42.1
10944,33.0,6.0,1.9,1.0,0.0,57.7
10945,64.0,10.0,7.4,1.0,0.0,67.4
10946,59.0,8.0,7.1,1.0,0.0,70.9
10947,13.0,2.0,3.1,1.0,0.0,48.4
10948,47.0,8.0,7.9,1.0,0.0,62.2
10949,116.0,21.0,5.3,1.0,0.0,88.5
10950,44.0,7.0,3.9,1.0,0.0,61.8
10951,80.0,11.0,3.3,1.0,0.0,64.8
10952,85.0,14.0,3.1,1.0,0.0,72.4
10953,79.0,12.0,6.2,1.0,0.0,74.3
10954,42.0,8.0,6.6,1.0,0.0,48.0
10955,73.0,12.0,5.6,1.0,0.0,68.4
10956,87.0,11.0,0.5,1.0,0.0,69.6
10957,52.0,8.0,5.7,1.0,0.0,68.2
10958,41.0,7.0,6.4,1.0,0.0,52.0
10959,40.0,8.0,3.3,1.0,0.0,55.3
10960,111.0,16.0,5.1,1.0,0.0,86.5
10961,81.0,12.0,0.5,1.0,0.0,60.3
10962,93.0,15.0,1.9,1.0,0.0,77.2
10963,72.0,10.0,4.2,1.0,0.0,63.1
10964,79.0,12.0,4.2,1.0,0.0,72.1
10965,40.0,7.0,5.9,1.0,1.0,54.2
10966,108.0,17.0,2.0,1.0,0.0,79.4
10967,65.0,11.0,4.1,1.0,0.0,57.3
10968,99.0,15.0,3.8,1.0,0.0,77.5
10969,67.0,9.0,6.3,1.0,0.0,73.2
10970,23.0,3.0,8.6,1.0,0.0,52.8
10971,22.0,2.0,9.3,1.0,0.0,50.8
10972,61.0,9.0,1.1,1.0,0.0,58.1
10973,57.0,9.0,4.9,1.0,0.0,68.6
10974,110.0,17.0,2.2,1.0,0.0,77.2
10975,24.0,6.0,4.8,1.0,0.0,50.4
10976,86.0,13.0,6.1,1.0,0.0,65.5
10977,111.0,17.0,5.2,1.0,0.0,87.6
10978,55.0,8.0,4.9,1.0,0.0,65.8
10979,107.0,17.0,8.7,1.0,0.0,87.9
10980,26.0,6.0,6.8,1.0,0.0,55.7
10981,22.0,3.0,4.3,1.0,0.0,45.4
10982,36.0,7.0,5.1,1.0,0.0,50.5
10983,67.0,10.0,7.2,1.0,0.0,72.9
10984,81.0,13.0,6.5,1.0,0.0,79.9
10985,95.0,14.0,3.9,1.0,0.0,71.2
10986,94.0,14.0,0.6,1.0,0.0,70.9
10987,22.0,1.0,2.0,1.0,0.0,50.6
10988,106.0,14.0,5.4,1.0,0.0,78.8
10989,22.0,3.0,0.5,1.0,0.0,41.7
10990,109.0,17.0,4.6,1.0,0.0,87.3
10991,115.0,17.0,3.9,1.0,0.0,85.2
10992,74.0,10.0,7.5,1.0,0.0,78.4
10993,86.0,12.0,1.7,1.0,0.0,70.0
10994,51.0,8.0,0.5,1.0,0.0,54.2
10995,71.0,10.0,4.0,1.0,0.0,69.8
10996,102.0,16.0,6.6,1.0,0.0,88.1
10997,28.0,5.0,7.7,1.0,0.0,57.1
10998,65.0,11.0,2.7,1.0,0.0,66.0
10999,55.0,11.0,6.2,1.0,0.0,66.9
11000,105.0,16.0,2.2,1.0,0.0,80.9
11001,24.0,4.0,3.1,1.0,0.0,50.7
11002,108.0,18.0,6.4,1.0,0.0,86.9
11003,38.0,6.0,6.8,1.0,0.0,59.1
11004,77.0,10.0,2.5,1.0,0.0,60.7
11005,52.0,7.0,6.2,1.0,0.0,57.6
11006,113.0,17.0,0.5,1.0,0.0,86.4
11007,32.0,4.0,4.5,1.0,0.0,62.1
11008,65.0,12.0,2.2,1.0,0.0,58.0
11009,35.0,7.0,3.0,1.0,0.0,45.8
11010,98.0,14.0,1.8,1.0,0.0,71.0
11011,40.0,5.0,6.4,1.0,0.0,58.4
11012,115.0,17.0,6.4,1.0,0.0,84.3
11013,112.0,16.0,3.3,1.0,0.0,80.0
11014,62.0,9.0,5.9,1.0,0.0,69.4
11015,11.0,2.0,5.7,1.0,0.0,55.2
11016,116.0,17.0,4.7,1.0,0.0,84.0
11017,85.0,14.0,10.4,1.0,0.0,92.5
11018,64.0,10.0,2.9,1.0,0.0,68.3
11019,76.0,12.0,5.0,1.0,0.0,76.2
11020,22.0,2.0,4.0,1.0,0.0,52.3
11021,27.0,3.0,4.1,1.0,0.0,48.5
11022,80.0,12.0,5.4,1.0,0.0,76.1
11023,15.0,4.0,4.3,1.0,0.0,41.4
11024,87.0,14.0,2.8,1.0,0.0,74.6
11025,111.0,17.0,5.3,1.0,0.0,91.1
11026,88.0,14.0,8.0,1.0,0.0,83.0
11027,72.0,10.0,7.4,1.0,0.0,77.6
11028,97.0,13.0,5.5,1.0,0.0,88.4
11029,92.0,15.0,3.2,1.0,0.0,79.4
11030,75.0,11.0,5.5,1.0,0.0,70.8
11031,32.0,4.0,7.7,1.0,0.0,59.1
11032,11.0,2.0,8.0,1.0,0.0,47.8
11033,60.0,9.0,5.9,1.0,0.0,64.2
11034,37.0,5.0,4.1,1.0,0.0,55.6
11035,35.0,6.0,4.5,1.0,0.0,53.4
11036,66.0,10.0,6.9,1.0,0.0,64.3
11037,51.0,6.0,6.7,1.0,0.0,66.1
11038,65.0,9.0,0.6,1.0,0.0,57.0
11039,40.0,7.0,6.6,1.0,0.0,55.9
11040,77.0,11.0,6.8,1.0,0.0,81.9
11041,78.0,11.0,2.8,1.0,0.0,68.1
11042,33.0,5.0,3.1,1.0,0.0,52.7
11043,72.0,8.0,3.1,1.0,0.0,70.0
11044,59.0,9.0,3.3,1.0,0.0,65.6
11045,117.0,17.0,1.5,1.0,0.0,83.0
11046,89.0,14.0,5.8,1.0,0.0,76.7
11047,30.0,5.0,3.0,1.0,0.0,56.0
11048,107.0,15.0,4.8,1.0,0.0,79.6
11049,62.0,10.0,3.8,1.0,0.0,66.3
11050,103.0,15.0,5.6,1.0,0.0,85.1
11051,101.0,15.0,2.5,1.0,0.0,75.4
11052,12.0,1.0,5.6,1.0,0.0,38.5
11053,36.0,6.0,6.0,1.0,0.0,52.2
11054,110.0,16.0,7.1,1.0,0.0,95.1
11055,95.0,14.0,9.9,1.0,0.0,88.7
11056,25.0,2.0,0.5,1.0,0.0,52.6
11057,33.0,6.0,5.8,1.0,0.0,53.9
11058,78.0,11.0,3.2,1.0,0.0,66.1
11059,41.0,6.0,0.5,1.0,0.0,46.0
11060,32.0,5.0,7.1,1.0,0.0,54.6
11061,118.0,16.0,8.3,1.0,0.0,87.8
11062,60.0,10.0,4.0,1.0,0.0,61.4
11063,67.0,10.0,5.5,1.0,0.0,69.6
11064,82.0,12.0,4.8,1.0,0.0,76.6
11065,18.0,1.0,6.1,1.0,0.0,61.8
11066,54.0,9.0,7.2,1.0,0.0,64.0
11067,110.0,17.0,5.9,1.0,0.0,86.2
11068,114.0,17.0,5.9,1.0,0.0,85.8
11069,64.0,9.0,8.1,1.0,0.0,76.3
11070,108.0,16.0,4.6,1.0,0.0,83.2
11071,65.0,10.0,7.3,1.0,0.0,71.0
11072,118.0,18.0,2.9,1.0,0.0,79.9
11073,97.0,15.0,9.0,1.0,0.0,80.9
11074,101.0,14.0,6.8,1.0,0.0,77.6
11075,31.0,3.0,4.0,1.0,0.0,51.2
11076,10.0,1.0,0.5,1.0,0.0,37.9
11077,66.0,9.0,5.0,1.0,0.0,60.4
11078,118.0,17.0,2.0,1.0,0.0,91.3
11079,116.0,17.0,5.7,1.0,0.0,82.9
11080,78.0,11.0,8.6,1.0,0.0,85.9
11081,30.0,3.0,5.4,1.0,0.0,60.1
11082,11.0,2.0,4.6,1.0,0.0,42.6
11083,65.0,9.0,5.9,1.0,0.0,64.5
11084,43.0,5.0,5.7,1.0,0.0,61.1
11085,47.0,6.0,0.5,1.0,0.0,55.2
11086,102.0,18.0,5.6,1.0,0.0,73.9
11087,20.0,2.0,6.6,1.0,0.0,43.3
11088,20.0,1.0,4.4,1.0,0.0,54.2
11089,59.0,7.0,7.4,1.0,0.0,66.7
11090,55.0,8.0,4.7,1.0,0.0,59.8
11091,17.0,2.0,6.9,1.0,0.0,54.4
11092,70.0,10.0,10.7,1.0,0.0,77.7
11093,58.0,9.0,4.8,1.0,0.0,57.7
11094,119.0,18.0,0.5,1.0,0.0,82.6
11095,17.0,3.0,4.2,1.0,0.0,45.4
11096,23.0,3.0,0.7,1.0,0.0,49.1
11097,27.0,6.0,6.5,1.0,0.0,52.8
11098,46.0,7.0,8.3,1.0,0.0,66.9
11099,83.0,14.0,6.7,1.0,0.0,78.3
11100,116.0,18.0,5.8,1.0,0.0,86.2
11101,110.0,17.0,3.4,1.0,0.0,87.2
11102,59.0,9.0,8.9,1.0,0.0,73.2
11103,18.0,4.0,6.9,1.0,0.0,54.2
11104,81.0,15.0,5.7,1.0,0.0,75.0
11105,56.0,8.0,5.5,1.0,0.0,59.0
11106,13.0,2.0,5.3,1.0,0.0,40.7
11107,100.0,17.0,6.1,1.0,0.0,79.8
11108,68.0,10.0,3.5,1.0,0.0,67.8
11109,58.0,6.0,8.8,1.0,0.0,69.3
11110,90.0,13.0,5.4,1.0,0.0,78.6
11111,104.0,15.0,6.5,1.0,0.0,83.1
11112,113.0,17.0,3.9,1.0,0.0,79.6
11113,46.0,6.0,5.9,1.0,0.0,57.1
11114,30.0,7.0,0.5,1.0,0.0,52.3
11115,46.0,9.0,2.2,1.0,0.0,57.5
11116,117.0,16.0,4.9,1.0,0.0,84.6
11117,21.0,2.0,1.7,1.0,0.0,40.9
11118,115.0,18.0,11.1,1.0,0.0,92.1
11119,78.0,11.0,0.8,1.0,0.0,68.8
11120,11.0,1.0,5.9,1.0,0.0,41.6
11121,105.0,15.0,9.1,1.0,0.0,89.8
11122,85.0,14.0,6.2,1.0,0.0,75.4
11123,26.0,4.0,4.2,1.0,0.0,46.5
11124,48.0,8.0,3.6,1.0,0.0,64.1
11125,106.0,15.0,6.7,1.0,0.0,78.5
11126,90.0,14.0,3.0,1.0,0.0,71.1
11127,45.0,6.0,4.7,1.0,0.0,54.7
11128,97.0,15.0,6.7,1.0,0.0,84.6
11129,38.0,5.0,4.2,1.0,0.0,53.6
11130,70.0,10.0,5.2,1.0,0.0,66.7
11131,113.0,17.0,4.2,1.0,0.0,92.7
11132,58.0,9.0,2.6,1.0,0.0,61.9
11133,71.0,11.0,8.0,1.0,0.0,81.3
11134,95.0,13.0,8.5,1.0,0.0,79.8
11135,32.0,4.0,4.2,1.0,0.0,51.0
11136,59.0,10.0,4.3,1.0,0.0,68.5
11137,111.0,19.0,4.6,1.0,0.0,86.0
11138,82.0,13.0,6.3,1.0,0.0,74.4
11139,87.0,14.0,2.7,1.0,0.0,77.4
11140,116.0,17.0,4.8,1.0,0.0,88.9
11141,75.0,12.0,5.7,1.0,0.0,71.7
11142,106.0,16.0,6.6,1.0,0.0,90.7
11143,119.0,18.0,0.5,1.0,0.0,84.1
11144,84.0,12.0,6.0,1.0,0.0,77.5
11145,85.0,11.0,5.9,1.0,0.0,77.4
11146,30.0,6.0,7.5,1.0,0.0,49.5
11147,61.0,10.0,3.7,1.0,0.0,59.1
11148,91.0,13.0,3.7,1.0,0.0,77.3
11149,48.0,8.0,8.0,1.0,0.0,60.1
11150,23.0,3.0,1.1,1.0,0.0,60.7
11151,12.0,3.0,9.1,1.0,0.0,48.1
11152,84.0,13.0,11.4,1.0,0.0,84.1
11153,14.0,4.0,6.2,1.0,0.0,52.1
11154,64.0,10.0,7.0,1.0,0.0,67.3
11155,107.0,16.0,1.3,1.0,0.0,80.8
11156,101.0,15.0,3.3,1.0,0.0,79.4
11157,89.0,16.0,7.6,1.0,0.0,86.4
11158,105.0,16.0,5.9,1.0,0.0,80.4
11159,92.0,14.0,4.5,1.0,0.0,80.7
11160,12.0,3.0,5.6,1.0,0.0,44.5
11161,62.0,9.0,6.3,1.0,0.0,71.2
11162,12.0,2.0,4.3,1.0,0.0,41.9
11163,71.0,12.0,4.9,1.0,0.0,70.2
11164,36.0,3.0,4.9,1.0,0.0,45.4
11165,59.0,7.0,2.4,1.0,0.0,59.5
11166,32.0,4.0,5.8,1.0,0.0,50.7
11167,100.0,15.0,9.5,1.0,0.0,93.1
11168,30.0,4.0,9.3,1.0,0.0,56.4
11169,46.0,7.0,1.3,1.0,0.0,57.4
11170,12.0,2.0,6.4,1.0,0.0,44.2
11171,44.0,8.0,6.7,1.0,0.0,64.0
11172,13.0,2.0,4.0,1.0,0.0,46.5
11173,59.0,9.0,2.6,1.0,0.0,64.2
11174,13.0,1.0,1.7,1.0,0.0,44.2
11175,53.0,7.0,3.9,1.0,0.0,60.4
11176,77.0,12.0,5.9,1.0,0.0,67.8
11177,110.0,15.0,4.6,1.0,0.0,83.1
11178,71.0,12.0,3.5,1.0,0.0,71.0
11179,67.0,10.0,1.9,1.0,0.0,66.6
11180,15.0,3.0,5.9,1.0,0.0,51.6
11181,51.0,9.0,7.7,1.0,0.0,63.9
11182,53.0,6.0,2.7,1.0,0.0,60.3
11183,46.0,7.0,6.1,1.0,0.0,67.6
11184,108.0,16.0,0.5,1.0,0.0,81.4
11185,54.0,8.0,3.4,1.0,0.0,56.7
11186,33.0,6.0,6.8,1.0,0.0,56.7
11187,96.0,15.0,2.2,1.0,0.0,77.8
11188,99.0,15.0,3.5,1.0,0.0,82.2
11189,48.0,7.0,8.5,1.0,0.0,55.3
11190,100.0,16.0,3.2,1.0,0.0,80.5
11191,88.0,13.0,2.9,1.0,0.0,74.6
11192,22.0,5.0,6.4,1.0,0.0,44.1
11193,50.0,7.0,9.9,1.0,0.0,65.2
11194,104.0,17.0,4.4,1.0,0.0,79.1
11195,51.0,6.0,6.9,1.0,0.0,71.2
11196,105.0,16.0,8.4,1.0,0.0,89.2
11197,59.0,9.0,5.8,1.0,0.0,73.8
11198,72.0,10.0,4.3,1.0,0.0,69.1
11199,53.0,7.0,2.8,1.0,0.0,55.2
11200,77.0,13.0,1.4,1.0,0.0,66.9
11201,68.0,10.0,7.8,1.0,0.0,73.9
11202,103.0,16.0,5.5,1.0,0.0,85.9
11203,116.0,19.0,8.3,1.0,0.0,93.4
11204,42.0,7.0,7.5,1.0,0.0,65.1
11205,27.0,5.0,3.5,1.0,0.0,46.2
11206,46.0,7.0,2.0,1.0,0.0,56.0
11207,88.0,15.0,6.0,1.0,0.0,73.7
11208,33.0,7.0,3.4,1.0,0.0,44.5
11209,45.0,7.0,5.9,1.0,0.0,63.5
11210,113.0,17.0,3.2,1.0,0.0,86.5
11211,93.0,14.0,2.8,1.0,0.0,71.6
11212,115.0,17.0,4.6,1.0,0.0,94.8
11213,20.0,3.0,7.3,1.0,0.0,54.4
11214,64.0,10.0,5.8,1.0,0.0,67.5
11215,110.0,16.0,7.9,1.0,0.0,89.6
11216,58.0,9.0,1.9,1.0,0.0,57.4
11217,86.0,13.0,2.4,1.0,0.0,68.8
11218,29.0,6.0,4.8,1.0,0.0,52.8
11219,37.0,5.0,10.4,1.0,0.0,59.1
11220,57.0,7.0,6.7,1.0,0.0,66.9
11221,45.0,5.0,2.3,1.0,0.0,56.6
11222,81.0,12.0,4.8,1.0,0.0,73.9
11223,101.0,15.0,5.6,1.0,0.0,82.7
11224,49.0,9.0,3.6,1.0,0.0,51.5
11225,94.0,17.0,6.5,1.0,0.0,84.1
11226,41.0,6.0,4.6,1.0,0.0,57.7
11227,54.0,9.0,4.3,1.0,0.0,54.5
11228,14.0,2.0,8.2,1.0,0.0,47.2
11229,26.0,5.0,0.7,1.0,0.0,37.9
11230,22.0,4.0,2.6,1.0,0.0,39.7
11231,73.0,10.0,3.0,1.0,0.0,63.3
11232,79.0,12.0,2.9,1.0,0.0,71.6
11233,16.0,3.0,3.2,1.0,0.0,40.5
11234,71.0,11.0,6.2,1.0,0.0,66.8
11235,93.0,14.0,7.7,1.0,0.0,87.3
11236,65.0,11.0,7.3,1.0,0.0,71.1
11237,61.0,10.0,2.5,1.0,0.0,68.7
11238,80.0,13.0,4.7,1.0,0.0,68.5
11239,52.0,7.0,6.1,1.0,0.0,63.1
11240,77.0,11.0,5.6,1.0,0.0,66.5
11241,112.0,18.0,8.3,1.0,0.0,88.0
11242,104.0,17.0,3.3,1.0,0.0,80.5
11243,91.0,15.0,5.4,1.0,0.0,78.7
11244,106.0,16.0,4.0,1.0,0.0,76.7
11245,43.0,7.0,5.6,1.0,0.0,64.0
11246,93.0,15.0,2.3,1.0,0.0,76.7
11247,42.0,5.0,2.7,1.0,0.0,58.1
11248,67.0,9.0,3.2,1.0,0.0,62.9
11249,64.0,11.0,3.6,1.0,0.0,64.2
11250,15.0,2.0,8.9,1.0,0.0,46.8
11251,73.0,10.0,7.9,1.0,0.0,72.0
11252,66.0,10.0,4.5,1.0,0.0,67.8
11253,67.0,10.0,5.4,1.0,0.0,72.3
11254,14.0,3.0,1.0,1.0,0.0,39.7
11255,51.0,8.0,4.6,1.0,0.0,64.0
11256,57.0,9.0,5.4,1.0,0.0,67.4
11257,91.0,15.0,7.9,1.0,0.0,82.9
11258,91.0,14.0,5.8,1.0,0.0,77.0
11259,52.0,8.0,6.1,1.0,0.0,60.2
11260,54.0,8.0,5.7,1.0,0.0,66.6
11261,88.0,13.0,5.7,1.0,0.0,80.8
11262,56.0,8.0,1.5,1.0,0.0,61.0
11263,77.0,13.0,4.0,1.0,0.0,65.5
11264,39.0,7.0,8.6,1.0,0.0,61.8
11265,16.0,1.0,7.1,1.0,0.0,48.9
11266,86.0,15.0,6.2,1.0,0.0,81.1
11267,84.0,12.0,5.2,1.0,0.0,78.5
11268,19.0,2.0,6.6,1.0,0.0,52.6
11269,13.0,2.0,2.6,1.0,0.0,38.4
11270,10.0,4.0,1.0,1.0,0.0,41.1
11271,24.0,4.0,4.0,1.0,0.0,54.6
11272,33.0,5.0,6.3,1.0,0.0,64.7
11273,104.0,15.0,5.3,1.0,0.0,86.8
11274,58.0,9.0,7.5,1.0,0.0,66.5
11275,82.0,15.0,5.9,1.0,0.0,85.1
11276,117.0,18.0,5.1,1.0,0.0,97.5
11277,59.0,8.0,8.3,1.0,0.0,63.0
11278,98.0,14.0,7.8,1.0,0.0,91.7
11279,52.0,8.0,4.8,1.0,0.0,66.5
11280,92.0,15.0,2.2,1.0,0.0,72.2
11281,39.0,5.0,2.7,1.0,0.0,55.7
11282,108.0,17.0,4.6,1.0,0.0,91.2
11283,16.0,3.0,4.1,1.0,0.0,49.6
11284,60.0,10.0,9.1,1.0,0.0,77.4
11285,119.0,17.0,0.8,1.0,0.0,90.4
11286,26.0,6.0,4.8,1.0,0.0,49.9
11287,21.0,3.0,2.3,1.0,0.0,47.0
11288,47.0,7.0,5.3,1.0,0.0,58.0
11289,25.0,3.0,6.0,1.0,0.0,50.2
11290,85.0,13.0,4.0,1.0,0.0,73.5
11291,78.0,11.0,6.3,1.0,0.0,75.1
11292,68.0,12.0,4.5,1.0,0.0,70.6
11293,117.0,17.0,4.6,1.0,0.0,91.9
11294,45.0,7.0,4.0,1.0,0.0,58.4
11295,59.0,8.0,6.6,1.0,0.0,67.1
11296,61.0,9.0,5.3,1.0,0.0,59.7
11297,88.0,11.0,8.9,1.0,0.0,83.1
11298,35.0,5.0,8.2,1.0,0.0,61.3
11299,93.0,14.0,6.4,1.0,0.0,77.1
11300,30.0,3.0,0.5,1.0,0.0,48.6
11301,117.0,17.0,1.3,1.0,0.0,86.8
11302,115.0,18.0,7.5,1.0,0.0,89.6
11303,54.0,9.0,3.8,1.0,0.0,74.4
11304,107.0,15.0,5.6,1.0,0.0,76.9
11305,53.0,6.0,3.4,1.0,0.0,54.8
11306,70.0,10.0,6.3,1.0,0.0,71.8
11307,92.0,16.0,7.4,1.0,0.0,83.5
11308,93.0,14.0,2.0,1.0,0.0,74.6
11309,107.0,16.0,3.0,1.0,0.0,93.7
11310,61.0,10.0,0.8,1.0,0.0,67.3
11311,75.0,11.0,5.6,1.0,0.0,74.5
11312,73.0,11.0,0.8,1.0,0.0,63.2
11313,66.0,9.0,4.1,1.0,0.0,63.1
11314,86.0,13.0,6.3,1.0,0.0,80.8
11315,39.0,6.0,10.1,1.0,0.0,66.9
11316,17.0,3.0,5.9,1.0,0.0,48.6
11317,67.0,10.0,8.1,1.0,0.0,73.2
11318,57.0,7.0,5.6,1.0,0.0,61.5
11319,68.0,11.0,5.8,1.0,0.0,66.9
11320,77.0,10.0,4.5,1.0,0.0,72.8
11321,50.0,7.0,4.0,1.0,0.0,58.0
11322,44.0,8.0,7.9,1.0,0.0,63.1
11323,84.0,13.0,5.9,1.0,0.0,78.0
11324,54.0,10.0,5.8,1.0,0.0,63.1
11325,102.0,15.0,3.5,1.0,0.0,77.2
11326,94.0,14.0,4.1,1.0,0.0,84.2
11327,109.0,18.0,10.2,1.0,0.0,93.8
11328,21.0,3.0,4.8,1.0,0.0,46.8
11329,28.0,6.0,8.3,1.0,0.0,56.4
11330,77.0,11.0,3.7,1.0,0.0,67.2
11331,88.0,14.0,7.0,1.0,0.0,79.4
11332,33.0,6.0,5.7,1.0,0.0,55.6
11333,13.0,3.0,4.0,1.0,0.0,41.6
11334,105.0,16.0,6.6,1.0,0.0,89.9
11335,96.0,15.0,1.1,1.0,0.0,72.4
11336,111.0,17.0,6.4,1.0,0.0,91.2
11337,42.0,7.0,7.0,1.0,0.0,61.9
11338,66.0,9.0,5.7,1.0,0.0,69.3
11339,90.0,14.0,8.3,1.0,0.0,80.4
11340,79.0,14.0,4.8,1.0,0.0,71.4
11341,11.0,1.0,4.6,1.0,0.0,46.6
11342,66.0,11.0,5.9,1.0,0.0,68.7
11343,118.0,18.0,7.2,1.0,0.0,86.6
11344,36.0,4.0,6.4,1.0,0.0,55.6
11345,60.0,9.0,4.4,1.0,0.0,64.3
11346,99.0,16.0,2.5,1.0,0.0,77.5
11347,39.0,7.0,6.7,1.0,0.0,54.8
11348,55.0,7.0,3.0,1.0,0.0,64.8
11349,86.0,13.0,3.0,1.0,0.0,68.1
11350,59.0,9.0,3.4,1.0,0.0,62.1
11351,115.0,18.0,5.1,1.0,0.0,86.6
11352,104.0,16.0,3.0,1.0,0.0,88.7
11353,42.0,6.0,2.2,1.0,0.0,52.9
11354,10.0,3.0,3.4,1.0,0.0,39.3
11355,69.0,9.0,4.5,1.0,0.0,72.4
11356,104.0,15.0,6.1,1.0,0.0,90.4
11357,110.0,17.0,5.2,1.0,0.0,87.9
11358,23.0,4.0,2.3,1.0,0.0,47.2
11359,108.0,16.0,5.6,1.0,0.0,81.6
11360,65.0,9.0,5.8,1.0,0.0,68.6
11361,118.0,19.0,3.9,1.0,0.0,87.5
11362,98.0,15.0,3.0,1.0,0.0,78.9
11363,28.0,6.0,3.0,1.0,0.0,52.7
11364,68.0,11.0,3.7,1.0,0.0,67.3
11365,107.0,15.0,10.5,1.0,0.0,95.1
11366,99.0,15.0,2.8,1.0,0.0,74.7
11367,116.0,17.0,5.7,1.0,0.0,85.6
11368,102.0,15.0,3.2,1.0,0.0,76.3
11369,119.0,18.0,3.7,1.0,0.0,95.8
11370,68.0,10.0,3.2,1.0,0.0,61.7
11371,76.0,11.0,7.0,1.0,0.0,75.5
11372,18.0,1.0,5.9,1.0,0.0,44.1
11373,53.0,8.0,4.7,1.0,0.0,63.7
11374,45.0,8.0,6.3,1.0,0.0,64.7
11375,111.0,17.0,6.9,1.0,0.0,81.1
11376,46.0,7.0,2.9,1.0,0.0,57.2
11377,107.0,15.0,6.4,1.0,0.0,85.7
11378,36.0,6.0,3.2,1.0,0.0,51.6
11379,74.0,9.0,7.1,1.0,0.0,81.1
11380,69.0,12.0,6.9,1.0,0.0,68.3
11381,21.0,3.0,6.0,1.0,0.0,58.1
11382,45.0,7.0,4.5,1.0,0.0,54.8
11383,118.0,17.0,3.7,1.0,0.0,85.6
11384,75.0,11.0,4.3,1.0,0.0,63.2
11385,101.0,15.0,6.9,1.0,0.0,83.7
11386,89.0,11.0,3.3,1.0,0.0,71.8
11387,109.0,17.0,5.1,1.0,0.0,88.2
11388,48.0,6.0,0.6,1.0,0.0,56.3
11389,34.0,4.0,5.7,1.0,0.0,55.5
11390,18.0,2.0,2.4,1.0,0.0,41.4
11391,103.0,15.0,1.7,1.0,0.0,83.1
11392,68.0,10.0,6.3,1.0,0.0,76.2
11393,89.0,13.0,5.5,1.0,0.0,79.7
11394,17.0,5.0,3.9,1.0,0.0,43.2
11395,103.0,14.0,4.2,1.0,0.0,84.3
11396,74.0,11.0,10.7,1.0,0.0,80.4
11397,23.0,4.0,4.5,1.0,0.0,55.3
11398,65.0,11.0,4.5,1.0,0.0,69.2
11399,76.0,12.0,6.6,1.0,0.0,75.6
11400,47.0,8.0,5.2,1.0,0.0,55.9
11401,88.0,13.0,7.5,1.0,0.0,86.9
11402,74.0,12.0,5.7,1.0,0.0,68.9
11403,102.0,17.0,6.9,1.0,0.0,85.6
11404,105.0,16.0,6.1,1.0,0.0,91.2
11405,17.0,5.0,6.6,1.0,0.0,48.7
11406,81.0,12.0,4.9,1.0,0.0,72.6
11407,89.0,13.0,5.6,1.0,0.0,75.2
11408,26.0,2.0,4.3,1.0,0.0,50.1
11409,107.0,16.0,6.5,1.0,0.0,86.5
11410,104.0,16.0,1.6,1.0,0.0,78.7
11411,25.0,5.0,6.8,1.0,0.0,54.4
11412,107.0,17.0,7.5,1.0,0.0,92.5
11413,81.0,12.0,6.9,1.0,0.0,80.3
11414,97.0,14.0,4.7,1.0,0.0,83.6
11415,98.0,13.0,6.3,1.0,0.0,87.6
11416,28.0,4.0,3.1,1.0,0.0,56.2
11417,17.0,2.0,7.1,1.0,0.0,56.5
11418,80.0,12.0,2.3,1.0,0.0,71.3
11419,47.0,6.0,6.5,1.0,0.0,61.3
11420,39.0,5.0,6.3,1.0,0.0,68.8
11421,24.0,3.0,6.0,1.0,0.0,48.0
11422,105.0,17.0,3.9,1.0,0.0,86.3
11423,73.0,10.0,6.9,1.0,1.0,71.2
11424,102.0,14.0,0.5,1.0,0.0,77.1
11425,71.0,11.0,6.9,1.0,0.0,73.7
11426,15.0,4.0,5.5,1.0,0.0,41.5
11427,34.0,6.0,7.6,1.0,0.0,51.1
11428,100.0,15.0,5.5,1.0,0.0,83.3
11429,31.0,4.0,9.6,1.0,0.0,62.1
11430,110.0,16.0,2.6,1.0,0.0,90.2
11431,45.0,6.0,6.5,1.0,0.0,59.1
11432,56.0,7.0,2.8,1.0,0.0,62.3
11433,83.0,12.0,4.7,1.0,0.0,74.1
11434,98.0,16.0,6.9,1.0,0.0,86.9
11435,94.0,15.0,6.6,1.0,0.0,82.6
11436,100.0,15.0,10.2,1.0,0.0,88.2
11437,66.0,10.0,4.1,1.0,0.0,65.6
11438,45.0,6.0,8.2,1.0,0.0,63.7
11439,34.0,6.0,4.4,1.0,0.0,62.9
11440,116.0,16.0,3.2,1.0,0.0,78.6
11441,73.0,9.0,0.9,1.0,0.0,66.0
11442,117.0,17.0,5.4,1.0,0.0,96.5
11443,64.0,9.0,3.7,1.0,0.0,70.0
11444,51.0,7.0,7.1,1.0,0.0,65.7
11445,77.0,12.0,3.7,1.0,0.0,73.6
11446,119.0,18.0,3.8,1.0,0.0,90.5
11447,105.0,16.0,5.9,1.0,0.0,96.4
11448,55.0,9.0,9.3,1.0,0.0,73.1
11449,15.0,1.0,2.3,1.0,0.0,45.9
11450,55.0,10.0,7.5,1.0,0.0,57.0
11451,93.0,13.0,7.2,1.0,0.0,77.4
11452,10.0,2.0,4.4,1.0,0.0,40.4
11453,102.0,17.0,6.7,1.0,0.0,93.0
11454,39.0,7.0,4.3,1.0,0.0,67.5
11455,50.0,9.0,10.9,1.0,0.0,68.9
11456,111.0,17.0,4.7,1.0,0.0,88.2
11457,51.0,6.0,5.2,1.0,0.0,64.3
11458,63.0,8.0,4.2,1.0,0.0,67.9
11459,59.0,9.0,0.8,1.0,0.0,53.9
11460,50.0,7.0,4.3,1.0,0.0,63.8
11461,19.0,2.0,5.6,1.0,0.0,49.6
11462,57.0,8.0,8.8,1.0,0.0,73.1
11463,64.0,9.0,6.2,1.0,0.0,67.5
11464,34.0,5.0,4.5,1.0,0.0,49.7
11465,101.0,15.0,5.1,1.0,0.0,82.6
11466,64.0,9.0,5.8,1.0,0.0,61.7
11467,36.0,6.0,4.1,1.0,0.0,54.1
11468,21.0,4.0,6.7,1.0,0.0,50.9
11469,74.0,11.0,9.1,1.0,0.0,76.7
11470,63.0,9.0,4.1,1.0,0.0,68.0
11471,89.0,15.0,8.0,1.0,0.0,83.9
11472,119.0,19.0,7.2,1.0,0.0,89.0
11473,32.0,6.0,6.3,1.0,0.0,52.0
11474,91.0,14.0,5.3,1.0,0.0,84.0
11475,57.0,10.0,5.8,1.0,0.0,61.2
11476,53.0,7.0,4.5,1.0,0.0,53.6
11477,42.0,6.0,9.6,1.0,0.0,62.9
11478,49.0,7.0,3.2,1.0,0.0,56.1
11479,23.0,4.0,7.8,1.0,0.0,49.3
11480,60.0,10.0,8.9,1.0,0.0,66.4
11481,75.0,11.0,4.2,1.0,0.0,69.8
11482,41.0,5.0,7.9,1.0,0.0,56.1
11483,60.0,8.0,5.4,1.0,0.0,60.5
11484,62.0,8.0,5.2,1.0,0.0,65.1
11485,83.0,13.0,4.8,1.0,0.0,73.5
11486,74.0,11.0,1.0,1.0,0.0,65.6
11487,114.0,17.0,6.4,1.0,0.0,85.0
11488,68.0,8.0,8.6,1.0,0.0,70.2
11489,77.0,12.0,3.2,1.0,0.0,63.4
11490,68.0,9.0,7.1,1.0,0.0,72.0
11491,48.0,8.0,4.8,1.0,0.0,65.5
11492,28.0,5.0,2.3,1.0,0.0,47.6
11493,12.0,2.0,7.5,1.0,0.0,45.6
11494,34.0,6.0,9.2,1.0,0.0,67.8
11495,71.0,12.0,3.0,1.0,0.0,63.6
11496,13.0,1.0,5.5,1.0,0.0,49.1
11497,45.0,5.0,1.4,1.0,0.0,50.6
11498,15.0,3.0,4.9,1.0,0.0,57.8
11499,86.0,13.0,6.2,1.0,0.0,79.1
11500,66.0,8.0,9.4,1.0,0.0,74.6
